time,latitude,longitude,depth,rms,nphs,gap,dist,errh_km,errz_km,time_utc,quality_pass
1086222181.429022,-8.213598,109.734843,249.670573,0.469639,17,289.381,54.1505,85.96,13.08,2004-06-03 00:23:01.429022074+00:00,False
1086254393.459544,-8.281442,110.286529,29.983887,0.213395,15,275.649,31.6406,2.85,4.02,2004-06-03 09:19:53.459543943+00:00,True
1086270043.323098,-8.209646,110.364415,26.730794,0.169932,8,284.019,27.3705,12.27,10.03,2004-06-03 13:40:43.323097944+00:00,False
1086273991.714634,-8.917071,110.531013,32.083984,0.243758,25,315.278,89.715,4.47,8.15,2004-06-03 14:46:31.714633942+00:00,False
1086279042.288304,-8.396712,111.115437,76.30957,0.294157,20,308.287,46.5186,7.73,5.51,2004-06-03 16:10:42.288304090+00:00,False
1086281992.216803,-8.816951,111.010903,36.037109,0.400076,13,337.409,93.8826,12.04,20.84,2004-06-03 16:59:52.216803074+00:00,False
1086315493.88122,-9.060663,110.286937,22.942383,0.462713,35,316.697,112.12,4.86,11.11,2004-06-04 02:18:13.881220102+00:00,False
1086319718.361753,-7.894138,109.862389,22.736491,0.19794,23,261.829,21.2559,2.63,2.89,2004-06-04 03:28:38.361752987+00:00,True
1086327654.044619,-8.943418,111.736576,17.589193,0.265834,22,335.852,137.69,10.04,23.86,2004-06-04 05:40:54.044619083+00:00,False
1086350305.77038,-8.96713,110.314976,63.544271,0.372804,20,321.321,101.274,8.51,16.85,2004-06-04 11:58:25.770380020+00:00,False
1086352123.3242,-8.463897,110.21122,39.001953,0.240268,14,304.336,53.4186,5.97,9.87,2004-06-04 12:28:43.324199915+00:00,False
1086362569.759483,-10.205452,109.945188,229.904948,0.390761,14,344.335,260.735,31.56,23.42,2004-06-04 15:22:49.759483099+00:00,False
1086366188.529599,-8.931562,110.428336,17.012695,0.441466,43,311.38,94.6275,4.46,7.08,2004-06-04 16:23:08.529598951+00:00,False
1086366548.044451,-8.143778,110.577348,123.25293,0.25761,31,209.222,5.73423,6.89,2.56,2004-06-04 16:29:08.044450998+00:00,False
1086367101.329469,-8.938148,110.402999,35.048828,0.326383,19,320.055,103.856,6.17,15.58,2004-06-04 16:38:21.329468966+00:00,False
1086367156.962024,-9.025094,111.205991,32.907552,0.438203,14,328.008,108.391,10.42,22.27,2004-06-04 16:39:16.962023973+00:00,False
1086373508.410889,-9.01719,110.290954,19.565755,0.282644,14,326.703,107.36,8.72,13.29,2004-06-04 18:25:08.410888910+00:00,False
1086375189.837888,-8.325574,110.098122,29.530924,0.208381,22,290.415,45.5287,2.99,5.14,2004-06-04 18:53:09.837888002+00:00,True
1086383063.052247,-8.30779,110.938874,21.99528,0.283438,29,309.259,25.2994,2.77,3.64,2004-06-04 21:04:23.052247047+00:00,False
1086397400.550736,-8.529766,110.192536,75.733073,0.204954,8,304.117,77.6375,50.22,26.7,2004-06-05 01:03:20.550735950+00:00,False
1086427526.867178,-8.427011,111.170093,86.76888,0.27205,22,327.142,53.3566,8.39,5.82,2004-06-05 09:25:26.867177963+00:00,False
1086447206.810135,-8.687849,111.493116,76.391927,0.26838,11,346.646,116.16,24.37,29.17,2004-06-05 14:53:26.810134888+00:00,False
1086448383.248679,-8.463897,110.525541,79.192057,0.255005,12,327.571,52.2549,14.57,12.78,2004-06-05 15:13:03.248678923+00:00,False
1086462152.500215,-9.093597,110.54975,30.601563,0.298794,12,324.973,111.344,13.12,19.97,2004-06-05 19:02:32.500215054+00:00,False
1086527885.27358,-8.73264,111.485248,25.166016,0.253025,28,328.306,101.529,5.89,11.69,2004-06-06 13:18:05.273580074+00:00,False
1086551869.865266,-8.835394,110.426998,36.860677,0.25335,9,340.972,93.6258,29.42,33.24,2004-06-06 19:57:49.865266085+00:00,False
1086555278.18467,-9.069885,110.600434,13.965495,0.301344,26,317.881,104.371,7.75,11.14,2004-06-06 20:54:38.184669971+00:00,False
1086598015.732582,-8.861741,112.064266,97.804688,0.176516,8,347.149,173.953,65.67,53.18,2004-06-07 08:46:55.732582092+00:00,False
1086609994.556204,-8.82222,110.413666,82.815755,0.408965,38,308.353,82.9879,7.31,9.34,2004-06-07 12:06:34.556204081+00:00,False
1086616986.816473,-8.369047,109.753218,56.791016,0.199127,12,325.76,67.4141,8.41,11.25,2004-06-07 14:03:06.816473007+00:00,False
1086619405.162306,-8.58773,111.316965,107.028646,0.371334,10,326.598,95.9025,27.71,32.77,2004-06-07 14:43:25.162306070+00:00,False
1086620272.41159,-8.237311,111.64892,128.935547,0.159218,18,328.101,92.2728,15.74,10.6,2004-06-07 14:57:52.411590099+00:00,False
1086692629.726346,-8.768208,110.457653,36.943034,0.408372,50,304.124,76.1805,3.29,5.45,2004-06-08 11:03:49.726346016+00:00,False
1086706063.513146,-9.059346,110.701813,30.107422,0.324645,20,318.47,108.446,6.7,14.24,2004-06-08 14:47:43.513145924+00:00,False
1086708149.572866,-8.164856,110.835542,90.145508,0.175746,24,283.499,6.87812,5.21,2.27,2004-06-08 15:22:29.572865963+00:00,False
1086733912.413244,-8.635155,111.503624,18.41276,0.232157,21,328.411,96.6379,6.4,11.0,2004-06-08 22:31:52.413244009+00:00,False
1086738031.414875,-8.698388,111.4505,35.542969,0.174469,9,345.054,96.1656,15.77,18.87,2004-06-08 23:40:31.414875031+00:00,False
1086741388.359802,-8.701023,110.259072,37.684245,0.28092,16,326.6,75.9076,7.76,10.85,2004-06-09 00:36:28.359802008+00:00,False
1086754419.14551,-8.569286,110.13123,73.26237,0.0695969,12,333.984,71.8295,13.4,16.0,2004-06-09 04:13:39.145509958+00:00,False
1086755330.278553,-8.250484,109.037263,56.955729,0.23251,11,338.115,120.18,15.66,26.74,2004-06-09 04:28:50.278553009+00:00,False
1086772482.892005,-8.3427,110.994177,107.193359,0.0864883,9,315.248,55.9382,25.84,17.9,2004-06-09 09:14:42.892004967+00:00,False
1086794543.830795,-8.380903,110.702617,30.025065,0.226316,13,305.163,36.1108,5.0,9.92,2004-06-09 15:22:23.830795050+00:00,False
1086802389.611377,-8.416472,111.383145,120.370443,0.389226,28,323.341,77.9021,13.92,4.97,2004-06-09 17:33:09.611377001+00:00,False
1086810136.455518,-8.301862,110.321802,105.628581,0.447897,32,255.96,33.1884,10.2,4.73,2004-06-09 19:42:16.455518007+00:00,False
1086823123.459301,-8.168808,109.663053,89.733724,0.415615,13,300.245,56.0694,16.71,13.63,2004-06-09 23:18:43.459300995+00:00,False
1086840289.15685,-8.892041,110.177657,22.283529,0.387092,47,308.804,98.9049,3.71,4.98,2004-06-10 04:04:49.156850100+00:00,False
1086842098.394976,-8.311083,109.657458,65.35612,0.336258,28,297.98,67.9209,8.37,11.96,2004-06-10 04:34:58.394975901+00:00,False
1086854169.421023,-8.764256,110.653593,54.485026,0.232419,13,327.7,69.8911,8.61,12.82,2004-06-10 07:56:09.421022892+00:00,False
1086866604.135376,-8.719466,110.256399,81.003906,0.155027,8,348.412,94.3807,32.43,27.88,2004-06-10 11:23:24.135375977+00:00,False
1086889530.57289,-8.687849,110.789474,46.74349,0.294366,28,315.587,60.1034,4.5,6.03,2004-06-10 17:45:30.572890043+00:00,False
1086934783.253921,-8.832759,110.125701,35.378255,0.21089,19,316.251,95.4208,5.61,12.49,2004-06-11 06:19:43.253921032+00:00,False
1086955347.905131,-8.440185,108.780892,41.143229,0.238681,10,335.81,150.661,21.96,35.02,2004-06-11 12:02:27.905131102+00:00,False
1086959271.985393,-8.778747,110.44699,36.943034,0.301076,28,309.905,77.5357,3.7,7.38,2004-06-11 13:07:51.985393047+00:00,False
1086991959.177242,-8.403299,110.554819,104.063802,0.234288,8,302.125,59.8745,36.05,29.08,2004-06-11 22:12:39.177242041+00:00,False
1086992507.253298,-8.326892,110.136732,85.780599,0.27763,25,266.317,43.1319,6.28,4.52,2004-06-11 22:21:47.253298044+00:00,False
1087001480.691772,-9.075154,110.568419,60.085286,0.450277,20,323.897,105.65,9.66,18.56,2004-06-12 00:51:20.691771984+00:00,False
1087028820.023654,-9.177909,111.852203,124.158854,0.545277,17,345.835,188.61,37.71,47.82,2004-06-12 08:27:00.023653984+00:00,False
1087046335.371807,-8.26761,110.284536,30.025065,0.200147,22,269.724,30.2067,2.56,2.82,2004-06-12 13:18:55.371807098+00:00,True
1087056554.348798,-8.932879,109.944262,33.73112,0.467605,42,311.466,112.615,5.52,13.89,2004-06-12 16:09:14.348798037+00:00,False
1087061612.643699,-8.453358,111.031634,85.451172,0.254202,13,325.622,44.1397,13.42,8.44,2004-06-12 17:33:32.643698931+00:00,False
1087062759.898485,-8.316353,111.26041,100.275391,0.22025,17,330.189,56.539,9.48,4.92,2004-06-12 17:52:39.898484945+00:00,False
1087074595.99917,-8.470484,110.20722,38.919596,0.306784,23,299.798,54.2491,4.2,5.11,2004-06-12 21:09:55.999170065+00:00,True
1087079468.084537,-7.504198,109.870866,12.853678,0.0737377,8,259.894,9.68728,2.21,2.07,2004-06-12 22:31:08.084537029+00:00,True
1087106981.889462,-8.403299,108.807681,86.933594,0.192152,12,341.035,150.085,20.5,33.28,2004-06-13 06:09:41.889461994+00:00,False
1087112132.634207,-8.718149,110.29505,28.048503,0.357313,40,298.299,75.9396,3.4,5.36,2004-06-13 07:35:32.634207010+00:00,True
1087144538.192501,-8.740544,110.363018,66.509115,0.180792,9,344.276,91.7319,18.71,21.71,2004-06-13 16:35:38.192501068+00:00,False
1087146662.407699,-8.708927,110.970747,38.83724,0.288071,9,335.632,81.3544,18.21,21.62,2004-06-13 17:11:02.407699108+00:00,False
