time_utc,latitude,longitude,depth,errh_km,errz_km,nbranch,cid,id,rmsP,rmsS
2004-06-03T09:19:53.344000Z,-8.28871,110.28831,30.066,-1.0,-1.0,1,2,1,0.0,0.0
2004-06-03T13:40:43.246000Z,-8.21428,110.36488,26.896,-1.0,-1.0,1,39,2,0.0,0.0
2004-06-03T14:46:31.682000Z,-8.91775,110.56468,32.002,-1.0,-1.0,1,5,3,0.0,0.0
2004-06-03T16:10:42.137000Z,-8.43823,111.13724,71.698,-1.0,-1.0,1,31,4,0.0,0.0
2004-06-04T02:18:13.997000Z,-9.05732,110.28057,21.496,0.466,0.357,2,1,5,0.28,0.06
2004-06-04T03:28:38.176000Z,-7.90074,109.85425,23.931,-1.0,-1.0,1,11,6,0.0,0.0
2004-06-04T11:58:25.801000Z,-8.96912,110.34463,63.38,-1.0,-1.0,1,6,7,0.0,0.0
2004-06-04T12:28:43.194000Z,-8.47511,110.22894,40.073,-1.0,-1.0,1,15,8,0.0,0.0
2004-06-04T16:23:08.517000Z,-8.93356,110.43933,18.166,-1.0,-1.0,1,8,9,0.0,0.0
2004-06-04T16:29:07.984000Z,-8.15631,110.59113,123.088,-1.0,-1.0,1,4,10,0.0,0.0
2004-06-04T16:38:21.242000Z,-8.94278,110.44066,35.049,-1.0,-1.0,1,10,11,0.0,0.0
2004-06-04T18:25:08.084000Z,-9.03506,110.28191,23.647,0.467,0.357,2,1,12,0.28,0.06
2004-06-04T18:53:09.834000Z,-8.32691,110.10189,29.984,-1.0,-1.0,1,12,13,0.0,0.0
2004-06-04T21:04:22.967000Z,-8.29793,110.95528,21.995,-1.0,-1.0,1,13,14,0.0,0.0
2004-06-05T01:03:20.727000Z,-8.4896,110.19563,79.521,-1.0,-1.0,1,14,15,0.0,0.0
2004-06-05T09:25:26.804000Z,-8.50146,111.17198,80.757,-1.0,-1.0,1,7,16,0.0,0.0
2004-06-05T15:13:03.113000Z,-8.62134,110.64323,61.074,-1.0,-1.0,1,16,17,0.0,0.0
2004-06-05T19:02:32.516000Z,-9.09296,110.55537,30.931,-1.0,-1.0,1,17,18,0.0,0.0
2004-06-06T20:54:38.163000Z,-9.07846,110.62074,18.001,-1.0,-1.0,1,18,19,0.0,0.0
2004-06-07T10:14:14.003000Z,-8.00416,111.21036,13.018,-1.0,-1.0,1,9,20,0.0,0.0
2004-06-07T12:06:34.394000Z,-8.84924,110.41534,80.098,-1.0,-1.0,1,20,21,0.0,0.0
2004-06-08T11:03:49.536000Z,-8.77481,110.45734,36.984,-1.0,-1.0,1,21,22,0.0,0.0
2004-06-08T14:47:43.642000Z,-9.04817,110.72878,29.778,-1.0,-1.0,1,22,23,0.0,0.0
2004-06-08T15:22:29.698000Z,-8.22481,110.81477,87.675,-1.0,-1.0,1,23,24,0.0,0.0
2004-06-09T00:36:28.359000Z,-8.71619,110.29675,38.014,-1.0,-1.0,1,24,25,0.0,0.0
2004-06-09T04:28:50.313000Z,-8.18924,109.08319,79.521,-1.0,-1.0,1,25,26,0.0,0.0
2004-06-09T15:22:23.828000Z,-8.36972,110.71369,34.143,-1.0,-1.0,1,26,27,0.0,0.0
2004-06-09T17:33:09.948000Z,-8.23535,111.42442,122.924,-1.0,-1.0,1,27,28,0.0,0.0
2004-06-09T19:42:16.060000Z,-8.36709,110.32222,105.464,-1.0,-1.0,1,28,29,0.0,0.0
2004-06-09T23:18:43.656000Z,-8.19451,109.66347,86.769,-1.0,-1.0,1,29,30,0.0,0.0
2004-06-10T04:04:49.039000Z,-8.89403,110.16732,22.613,-1.0,-1.0,1,30,31,0.0,0.0
2004-06-10T04:34:58.414000Z,-8.30649,109.65658,65.274,-1.0,-1.0,1,3,32,0.0,0.0
2004-06-10T07:56:09.298000Z,-8.77679,110.62996,53.991,-1.0,-1.0,1,32,33,0.0,0.0
2004-06-10T12:20:46.481000Z,-7.3705,109.36023,14.007,-1.0,-1.0,1,33,34,0.0,0.0
2004-06-10T17:45:30.604000Z,-8.6793,110.79783,48.226,-1.0,-1.0,1,34,35,0.0,0.0
2004-06-11T06:19:43.107000Z,-8.85056,110.15002,35.543,-1.0,-1.0,1,35,36,0.0,0.0
2004-06-11T12:02:27.601000Z,-8.40793,108.87201,96.816,-1.0,-1.0,1,36,37,0.0,0.0
2004-06-11T13:07:51.590000Z,-8.80445,110.46067,31.013,-1.0,-1.0,1,37,38,0.0,0.0
2004-06-11T15:56:02.738000Z,-8.14709,110.86661,97.64,-1.0,-1.0,1,38,39,0.0,0.0
2004-06-11T17:31:51.779000Z,-7.38499,109.37746,18.454,-1.0,-1.0,1,19,40,0.0,0.0
2004-06-11T22:21:47.294000Z,-8.31439,110.15183,86.687,-1.0,-1.0,1,40,41,0.0,0.0
2004-06-12T00:51:20.436000Z,-9.10613,110.57406,49.214,-1.0,-1.0,1,41,42,0.0,0.0
2004-06-12T13:18:55.307000Z,-8.27158,110.28698,30.478,-1.0,-1.0,1,42,43,0.0,0.0
2004-06-12T16:09:14.185000Z,-8.93092,109.91658,32.99,-1.0,-1.0,1,43,44,0.0,0.0
2004-06-12T17:33:32.597000Z,-8.48433,111.0321,83.475,-1.0,-1.0,1,44,45,0.0,0.0
2004-06-12T17:52:39.749000Z,-8.38026,111.23834,100.193,-1.0,-1.0,1,45,46,0.0,0.0
2004-06-12T19:24:08.290000Z,-8.32098,111.03187,111.146,-1.0,-1.0,1,46,47,0.0,0.0
2004-06-12T21:09:55.929000Z,-8.48038,110.22095,39.084,-1.0,-1.0,1,47,48,0.0,0.0
2004-06-12T22:31:07.904000Z,-7.49829,109.86216,13.183,-1.0,-1.0,1,48,49,0.0,0.0
2004-06-13T06:09:41.984000Z,-8.36577,108.85088,101.428,-1.0,-1.0,1,49,50,0.0,0.0
2004-06-13T07:35:32.523000Z,-8.72541,110.30874,27.719,-1.0,-1.0,1,50,51,0.0,0.0
2004-06-13T20:06:02.160000Z,-6.79679,111.94934,10.095,-1.0,-1.0,1,51,52,0.0,0.0
