idx,sta,kind,recorder,sensor,sensor_sn,lat,lon,elev_m,start,end,days,operator
1,AI1,EDL,3031,L4-3D,1168,-7.9955,110.487,180,2004-05-08T05:00:00.000000Z,2004-10-04T10:00:00.000000Z,149.21,Welle
2,AI2,EDL,3139,L4-3D,2828,-8.00531,110.35599,390,2004-05-06T08:00:00.000000Z,2004-06-09T04:30:00.000000Z,33.85,Asch/Dagmar/Mirjam
3,AI3,EDL,3093,L4-3D,1135A,-7.86492,110.56426,250,2004-05-07T00:00:00.000000Z,2004-10-04T11:00:00.000000Z,150.46,Birger
4,AJ1,EDL,3076,L4-3D,1338A,-8.0925,110.5718,240,2004-05-08T08:00:00.000000Z,2004-10-07T09:00:00.000000Z,152.04,Welle
5,AJ2,EDL,3035,L4-3D,1174,-7.96585,110.64945,230,2004-05-10T07:50:00.000000Z,2004-10-04T09:00:00.000000Z,147.05,Welle
6,AI4,EDL,3043,L4-3D,1181,-7.91245,110.52223,245,2004-05-10T04:30:00.000000Z,2004-07-31T02:30:00.000000Z,81.92,Welle /Wanagama
7,AH1,EDL,3123,L4-3D,1892,-7.98167,110.29288,40,2004-05-07T08:00:00.000000Z,2004-05-24T08:00:00.000000Z,17.0,Dagmar
8,AH3,EDL,3132,L4-3D,1899,-7.74756,110.17489,400,2004-05-07T07:00:00.000000Z,2004-10-06T11:00:00.000000Z,152.17,Mirjam
9,AK1,EDL,3113,L4-3D,1873,-7.97297,110.83443,232,2004-05-11T05:00:00.000000Z,2004-10-07T04:00:00.000000Z,148.96,Welle
10,AK2,EDL,3067,L4-3D,1334A,-8.14749,110.77555,292,2004-05-11T05:00:00.000000Z,2004-10-07T07:00:00.000000Z,149.08,Welle
11,AK3,EDL,3074,L4-3D,1338,-8.03979,110.98377,210,2004-05-12T05:00:00.000000Z,2004-05-22T06:00:00.000000Z,10.04,Welle
12,AK4,EDL,3069,L4-3D,1352A,-8.17903,110.88225,200,2004-05-12T05:00:00.000000Z,2004-10-07T05:00:00.000000Z,148.0,Welle
13,BH1,EDL,3072,L4-3D,1337A,-7.6315,110.18065,417,2004-05-08T08:00:00.000000Z,2004-10-06T03:00:00.000000Z,150.79,Mirjam
14,BH2,EDL,3054,L4-3D,1192,-7.52649,110.41065,1285,2004-05-08T07:00:00.000000Z,2004-09-29T09:30:00.000000Z,144.1,Dagmar
15,BH3,EDL,3089,L4-3D,1347A,-7.43732,110.33704,885,2004-05-11T10:00:00.000000Z,2004-10-06T04:00:00.000000Z,147.75,Mirjam
16,BI1,EDL,3090,L4-3D,1348A,-7.58026,110.4713,1125,2004-05-08T00:00:00.000000Z,2004-06-04T05:00:00.000000Z,27.21,Dagmar
17,BI2,EDL,3057,L4-3D,1329A,-7.53275,110.55353,650,2004-05-10T07:00:00.000000Z,2004-10-04T04:00:00.000000Z,146.88,Dagmar
18,BI4,EDL,3080,L4-3D,1342,-7.60581,110.52957,582,2004-05-11T07:00:00.000000Z,2004-10-04T05:00:00.000000Z,145.92,Dagmar
19,BJ1,EDL,3129,L4-3D,1894,-7.76979,110.63866,154,2004-05-10T11:00:00.000000Z,2004-09-29T02:35:00.000000Z,141.65,Birger
20,BJ2,EDL,3128,L4-3D,1893,-7.84295,110.76014,230,2004-05-11T00:00:00.000000Z,2004-10-04T12:00:00.000000Z,146.5,Birger
21,BK1,EDL,3034,L4-3D,1173,-7.86135,110.84589,214,2004-05-12T15:00:00.000000Z,2004-10-04T10:00:00.000000Z,144.79,Birger
22,BK2,EDL,3078,L4-3D,1339A,-7.65885,110.88086,132,2004-05-14T00:00:00.000000Z,2004-07-27T04:30:00.000000Z,74.19,Birger
23,BK3,EDL,3114,L4-3D,1875,-7.72834,110.98596,304,2004-05-15T00:00:00.000000Z,2004-10-05T06:00:00.000000Z,143.25,Birger
24,AE1,EDL,3109,L4-3D,1826,-7.7362,109.6564,50,2004-05-14T05:00:00.000000Z,2004-10-05T06:00:00.000000Z,144.04,Welle
25,AE2,EDL,3105,L4-3D,1818,-7.6763,109.4866,50,2004-05-15T02:00:00.000000Z,2004-06-08T00:00:00.000000Z,23.92,Welle
26,AE3,EDL,3106,L4-3D,1819,-7.5556,109.5844,255,2004-05-15T06:00:00.000000Z,2004-10-05T04:00:00.000000Z,142.92,Welle
27,AF1,EDL,3135,L4-3D,1904,-7.82125,109.83342,42,2004-05-12T06:00:00.000000Z,2004-10-05T08:00:00.000000Z,146.08,Dagmar
28,AF2,EDL,3061,L4-3D,1332,-7.6511,109.8954,120,2004-05-08T05:00:00.000000Z,2004-10-05T06:00:00.000000Z,150.04,Dagmar
29,AG1,EDL,3134,L4-3D,1903,-7.83642,110.04642,215,2004-05-12T06:00:00.000000Z,2004-10-06T06:00:00.000000Z,147.0,Mirjam
30,AG2,EDL,3133,L4-3D,1901,-7.63401,109.99567,210,2004-05-13T03:00:00.000000Z,2004-05-22T07:00:00.000000Z,9.17,Mirjam
31,AG3,EDL,3107,L4-3D,1822,-7.84336,109.94033,40,2004-05-13T06:00:00.000000Z,2004-05-28T03:40:00.000000Z,14.9,Mirjam
32,BG1,EDL,3092,L4-3D,1351A,-7.42543,110.10267,1300,2004-05-14T05:00:00.000000Z,2004-07-01T04:15:00.000000Z,47.97,Mirjam
33,BG2,EDL,3121,L4-3D,1890,-7.48676,110.04437,800,2004-05-15T06:00:00.000000Z,2004-10-06T08:00:00.000000Z,144.08,Mirjam
34,BG3,EDL,3033,L4-3D,1170,-7.3893,109.99378,1060,2004-05-17T05:00:00.000000Z,2004-09-07T02:00:00.000000Z,112.88,Pit
35,CG1,EDL,3112,L4-3D,1872,-7.26988,109.99025,1866,2004-05-13T08:00:00.000000Z,2004-06-04T07:30:00.000000Z,21.98,Pit
36,CG2,EDL,3066,L4-3D,1334,-7.17724,110.0377,905,2004-05-14T07:00:00.000000Z,2004-09-27T13:00:00.000000Z,136.25,Pit
37,CG3,EDL,3047,L4-3D,1187,-7.35913,110.1386,990,2004-05-15T05:00:00.000000Z,2004-05-26T07:00:00.000000Z,11.08,Pit
38,CI1,EDL,3095,L4-3D,1355A,-7.45,110.50234,1070,2004-05-11T10:00:00.000000Z,2004-10-06T09:00:00.000000Z,147.96,Dagmar
39,CI2,EDL,3097,L4-3D,1356A,-7.4174,110.62157,500,2004-05-14T06:00:00.000000Z,2004-09-02T03:00:00.000000Z,110.88,Dagmar
40,CI3,EDL,3091,L4-3D,1350A,-7.29246,110.561,500,2004-05-15T05:00:00.000000Z,2004-10-06T06:00:00.000000Z,144.04,Dagmar
41,CH1,EDL,3049,L4-3D,1189,-7.27396,110.2406,691,2004-05-18T04:00:00.000000Z,2004-10-04T07:00:00.000000Z,139.12,Pit
42,CH2,EDL,3051,L4-3D,1190,-7.22458,110.35304,993,2004-05-18T07:00:00.000000Z,2004-10-01T05:00:00.000000Z,135.92,Pit
43,BE1,EDL,3082,L4-3D,1342A,-7.3784,109.5666,270,2004-05-17T08:00:00.000000Z,2004-10-07T05:00:00.000000Z,142.88,Welle
44,BE2,EDL,3083,L4-3D,1343,-7.46213,109.60206,210,2004-05-18T03:00:00.000000Z,2004-10-06T12:00:00.000000Z,141.38,Welle
45,BE3,EDL,3108,L4-3D,1825,-7.33705,109.70866,570,2004-05-18T08:00:00.000000Z,2004-10-07T08:00:00.000000Z,142.0,Welle
46,BF1,EDL,3058,L4-3D,1330,-7.37186,109.8565,830,2004-05-17T07:00:00.000000Z,2004-10-07T09:00:00.000000Z,143.08,Dagmar
47,BF2,EDL,3059,L4-3D,1331,-7.49034,109.82459,525,2004-05-17T03:00:00.000000Z,2004-10-07T12:00:00.000000Z,143.38,Dagmar
48,BF3,EDL,3060,L4-3D,1331A,-7.47501,109.95369,910,2004-05-19T05:00:00.000000Z,2004-09-01T00:00:00.000000Z,104.79,Dagmar
49,CJ1,EDL,3038,L4-3D,1178,-7.51903,110.69235,201,2004-05-19T05:00:00.000000Z,2004-10-04T04:00:00.000000Z,137.96,Pit
50,CJ2,EDL,3027,L4-3D,1182,-7.35847,110.73834,230,2004-05-19T08:00:00.000000Z,2004-10-06T08:00:00.000000Z,140.0,Pit
51,CK1,EDL,3071,L4-3D,1332A,-7.63768,111.13364,1190,2004-05-19T08:00:00.000000Z,2004-06-10T05:30:00.000000Z,21.9,Mirjam
52,CK2,EDL,3104,L4-3D,1816,-7.35486,110.92136,150,2004-05-22T07:00:00.000000Z,2004-10-01T06:00:00.000000Z,131.96,Pit
53,CF1,EDL,3079,L4-3D,1340A,-7.27323,109.90872,1250,2004-05-20T02:00:00.000000Z,2004-10-07T06:00:00.000000Z,140.17,Dagmar
54,CF2,EDL,3137,L4-3D,1906,-7.19732,109.85027,1780,2004-05-20T07:00:00.000000Z,2004-06-16T05:00:00.000000Z,26.92,Dagmar
55,AH4,EDL,3087,L4-3D,1346,-7.81151,110.29389,180,2004-05-21T05:00:00.000000Z,2004-10-05T11:00:00.000000Z,137.25,Pit
56,AF3,EDL,3099,L4-3D,1359A,-7.78646,109.7447,50,2004-05-19T06:00:00.000000Z,2004-06-08T08:00:00.000000Z,20.08,Welle
57,CE1,EDL,3117,L4-3D,1886,-7.2426,109.7201,1185,2004-05-20T08:00:00.000000Z,2004-10-07T09:00:00.000000Z,140.04,Welle
58,CE2,EDL,3111,L4-3D,1871,-7.25089,109.60251,700,2004-05-21T07:00:00.000000Z,2004-10-07T10:00:00.000000Z,139.12,Welle
59,AG4,EDL,3100,L4-3D,1360A,-7.84247,110.13904,160,2004-05-21T09:00:00.000000Z,2004-10-06T05:00:00.000000Z,137.83,Muzli /Eddy
60,AH5,EDL,3136,L4-3D,1905,-7.74402,110.28101,170,2004-05-22T04:00:00.000000Z,2004-06-04T03:40:00.000000Z,12.99,Pit
61,AG2,EDL,3148,L4-3D,1901,-7.63401,109.99567,210,2004-05-22T08:00:00.000000Z,2004-10-05T09:00:00.000000Z,136.04,Mirjam
62,AK5,EDL,3138,T40,4281,-8.03656,110.98417,230,2004-05-22T05:00:00.000000Z,2004-10-08T12:00:00.000000Z,139.29,Welle
63,DK1,EDL,3119,L4-3D,1889,-7.32878,111.12865,170,2004-05-21T08:00:00.000000Z,2004-06-10T10:00:00.000000Z,20.08,Dagmar
64,DK2,EDL,3110,L4-3D,1829,-7.20901,111.09905,125,2004-05-21T03:00:00.000000Z,2004-10-01T07:00:00.000000Z,133.17,Dagmar
65,AH2,EDL,3123,L4-3D,1892,-7.92381,110.22264,75,2004-05-25T09:00:00.000000Z,2004-10-08T05:00:00.000000Z,135.83,Muzli
66,DJ1,EDL,3116,L4-3D,1878,-7.23831,110.73718,170,2004-05-22T07:00:00.000000Z,2004-10-01T12:00:00.000000Z,132.21,Ingo
67,DH1,EDL,3065,L4-3D,1333A,-7.11215,110.42958,280,2004-05-24T07:00:00.000000Z,2004-10-01T05:00:00.000000Z,129.92,Dagmar
68,DH2,EDL,3053,L4-3D,1191,-7.14759,110.32017,750,2004-05-25T06:00:00.000000Z,2004-10-01T07:00:00.000000Z,129.04,Dagmar
69,DI1,EDL,3131,L4-3D,1898,-7.17086,110.60024,100,2004-05-24T06:00:00.000000Z,2004-06-11T02:30:00.000000Z,17.85,Ingo
70,DI2,EDL,3086,L4-3D,1345A,-7.03794,110.67457,30,2004-05-24T09:00:00.000000Z,2004-07-20T09:00:00.000000Z,57.0,Ingo
71,DJ2,EDL,3088,L4-3D,1346A,-7.10987,110.76478,70,2004-05-25T07:00:00.000000Z,2004-05-27T04:00:00.000000Z,1.88,Ingo
72,DE1,EDL,3101,L4-3D,1361A,-6.96582,109.80323,150,2004-05-24T08:00:00.000000Z,2004-09-27T17:00:00.000000Z,126.38,Welle
73,CG4,EDL,3047,L4-3D,1187,-7.35985,110.13804,960,2004-05-26T07:30:00.000000Z,2004-10-04T10:00:00.000000Z,131.1,Welle
74,DJ3,EDL,3115,L4-3D,1876,-7.27839,110.85932,140,2004-05-26T08:00:00.000000Z,2004-10-01T04:00:00.000000Z,127.83,Ingo
75,DK3,EDL,3063,L4-3D,1333,-7.1508,110.92612,80,2004-05-27T04:00:00.000000Z,2004-09-27T09:00:00.000000Z,123.21,Ingo
76,DL1,EDL,3103,L4-3D,1815,-7.2053,111.23194,125,2004-05-27T08:00:00.000000Z,2004-09-25T03:00:00.000000Z,120.79,Ingo
77,NG1,EDL,3145,T40,4455,-5.7987,110.34493,2,2004-05-27T03:00:00.000000Z,2004-09-27T11:00:00.000000Z,123.33,Pit
78,NG2,EDL,3030,L4-3D,1022,-5.88063,110.44238,60,2004-05-26T05:00:00.000000Z,2004-09-27T03:00:00.000000Z,123.92,Pit
79,NL1,EDL,3021,L4-3D,1010,-7.06147,111.34135,104,2004-05-29T07:00:00.000000Z,2004-09-24T08:00:00.000000Z,118.04,Ingo
80,NK1,EDL,3027,L4-3D,1015,-6.94875,111.22667,186,2004-05-29T03:00:00.000000Z,2004-09-24T10:00:00.000000Z,118.29,Ingo
81,NJ1,EDL,3041,L4-3D,1180,-6.51162,110.75074,300,2004-05-27T02:00:00.000000Z,2004-09-27T12:00:00.000000Z,123.42,Dagmar
82,NJ2,EDL,3070,L4-3D,1336,-6.41835,110.93971,40,2004-05-28T03:00:00.000000Z,2004-09-27T10:00:00.000000Z,122.29,Dagmar
83,NJ3,EDL,3024,L4-3D,1013,-6.58776,110.96294,350,2004-05-28T08:00:00.000000Z,2004-09-27T08:00:00.000000Z,122.0,Dagmar
84,NJ4,EDL,3025,L4-3D,1014,-6.60751,110.78426,300,2004-05-29T04:00:00.000000Z,2004-09-28T01:00:00.000000Z,121.88,Dagmar
85,NJ5,EDL,3028,L4-3D,1018,-6.95383,110.86012,46,2004-05-31T07:00:00.000000Z,2004-06-12T10:00:00.000000Z,12.12,Ingo
86,NL2,EDL,3036,L4-3D,1175,-6.78878,111.52069,130,2004-06-01T06:00:00.000000Z,2004-09-24T09:00:00.000000Z,115.12,Ingo
87,NK3,EDL,3133,L4-3D,1907,-7.07123,111.00241,78,2004-06-02T04:00:00.000000Z,2004-09-25T10:00:00.000000Z,115.25,Ingo
88,NK2,EDL,3023,L4-3D,1012,-6.71399,111.21174,32,2004-06-01T04:00:00.000000Z,2004-07-06T02:00:00.000000Z,34.92,Ingo
89,NK4,EDL,3037,L4-3D,1176,-6.87811,111.08651,71,2004-05-31T08:00:00.000000Z,2004-09-24T17:00:00.000000Z,116.38,Pit
90,NL3,EDL,3055,L4-3D,1329,-6.66574,111.50304,170,2004-06-01T09:00:00.000000Z,2004-09-08T07:00:00.000000Z,98.92,Pit
91,NL4,EDL,3029,L4-3D,1020,-6.83338,111.37561,89,2004-06-01T04:00:00.000000Z,2004-09-24T11:00:00.000000Z,115.29,Pit
92,CE3,EDL,3074,L4-3D,1338,-7.10009,109.58158,651,2004-06-05T05:00:00.000000Z,2004-09-28T11:00:00.000000Z,115.25,Ingo
93,NJ6,EDL,3094,L4-3D,1353,-6.86953,110.60822,38,2004-06-04T03:00:00.000000Z,2004-09-27T07:00:00.000000Z,115.17,Fauzi
94,NJ7,EDL,3122,L4-3D,1681,-6.77616,110.95932,131,2004-06-04T10:00:00.000000Z,2004-06-11T05:00:00.000000Z,6.79,Fauzi
95,CK3,EDL,3102,L4-3D,1814,-7.49162,111.10958,236,2004-06-05T09:00:00.000000Z,2004-10-07T08:00:00.000000Z,123.96,Fauzi
96,DG1,EDL,3140,L4-3D,2829,-7.09002,110.08253,572,2004-06-04T04:00:00.000000Z,2004-09-27T15:00:00.000000Z,115.46,Ingo
97,DJ2,EDL,3147,L4-3D,1346A,-7.10987,110.76478,70,2004-06-03T06:00:00.000000Z,2004-09-28T07:00:00.000000Z,117.04,Ingo
98,AG3,EDL,3158,L4-3D,1822,-7.84336,109.94033,40,2004-05-28T03:40:00.000000Z,2004-10-05T09:00:00.000000Z,130.22,Mirjam
99,AH5,EDL,3157,T40,4446,-7.74402,110.28101,170,2004-06-04T03:40:00.000000Z,2004-07-13T02:30:00.000000Z,38.95,Pit
100,CG1,EDL,3136,L4-3D,1872,-7.26988,109.99025,1866,2004-06-04T07:30:00.000000Z,2004-08-10T04:30:00.000000Z,66.88,Pit
101,CK4,EDL,3112,L4-3D,1905,-7.48169,110.95802,126,2004-06-07T05:00:00.000000Z,2004-07-21T08:00:00.000000Z,44.12,Ingo
102,NK5,EDL,3090,L4-3D,1348A,-7.0524,111.12434,85,2004-06-07T09:00:00.000000Z,2004-09-24T08:00:00.000000Z,108.96,Ingo
103,NL5,EDL,3130,L4-3D,1896,-6.95196,111.47959,153,2004-06-08T02:00:00.000000Z,2004-09-25T03:00:00.000000Z,109.04,Ingo
104,AE2,EDL,3141,L4-3D,1818,-7.6763,109.4866,50,2004-06-08T00:00:00.000000Z,2004-10-05T04:00:00.000000Z,119.17,Welle
105,AF4,EDL,3099,L4-3D,1359A,-7.79738,109.74498,32,2004-06-08T08:00:00.000000Z,2004-10-05T07:00:00.000000Z,118.96,Muzli
106,NJ8,EDL,3150,L4-3D,1355,-6.72561,110.81139,120,2004-06-11T08:00:00.000000Z,2004-09-27T09:00:00.000000Z,108.04,Muzli
107,DH3,EDL,3159,L4-3D,1898,-7.2077,110.47253,336,2004-06-11T06:00:00.000000Z,2004-10-01T06:00:00.000000Z,112.0,Ingo
108,DK1,EDL,3119,T40,4448,-7.3286,111.12865,140,2004-06-10T10:00:00.000000Z,2004-10-01T05:00:00.000000Z,112.79,Dagmar
109,DI1,EDL,3131,T40,4449,-7.17083,110.60024,103,2004-06-11T03:00:00.000000Z,2004-10-01T10:00:00.000000Z,112.29,Ingo
110,CK1,EDL,3071,T40,4283,-7.63768,111.13364,1190,2004-06-10T06:00:00.000000Z,2004-10-07T06:00:00.000000Z,119.0,Mirjam
111,CK6,EDL,3144,L4-3D,1332A,-7.59042,111.03057,427,2004-06-12T06:00:00.000000Z,2004-10-07T07:00:00.000000Z,117.04,Ingo
112,NJ5,EDL,3142,L4-3D,1018,-6.95383,110.86012,46,2004-06-12T10:00:00.000000Z,2004-09-25T11:00:00.000000Z,105.04,Ingo
113,NJ7,EDL,3143,L4-3D,1681,-6.77616,110.95932,131,2004-06-11T05:00:00.000000Z,2004-09-24T15:00:00.000000Z,105.42,Fauzi
114,AI2,EDL,3139,T40,4282,-8.00531,110.35599,390,2004-06-09T04:30:00.000000Z,2004-10-08T03:00:00.000000Z,120.94,Asch/Dagmar/Mirjam
115,CF3,EDL,3137,L4-3D,1906,-7.19959,109.8073,1600,2004-06-16T05:00:00.000000Z,2004-09-06T07:00:00.000000Z,82.08,Muzli
116,BG1,EDL,3028,L4-3D,1351A,-7.42543,110.10267,1300,2004-07-01T04:15:00.000000Z,2004-10-06T05:00:00.000000Z,97.03,Mirjam
117,NK6,EDL,3023,L4-3D,1012,-6.75551,111.22728,45,2004-07-06T04:00:00.000000Z,2004-09-25T05:00:00.000000Z,81.04,Rizkita
118,AH5,EDL,3105,T40,4447,-7.74402,110.28101,170,2004-07-13T02:30:00.000000Z,2004-10-08T07:00:00.000000Z,87.19,Pit
119,BI3,EDL,3149,T40,4446,-7.6075,110.44533,830,2004-07-13T00:00:00.000000Z,2004-08-25T09:45:00.000000Z,43.41,Yuan
120,CK4,EDL,3107,L4-3D,1905,-7.48169,110.95802,126,2004-07-21T08:00:00.000000Z,2004-10-07T10:00:00.000000Z,78.08,Ingo
121,DI3,EDL,3086,L4-3D,1345A,-7.0383,110.67219,32,2004-07-20T09:00:00.000000Z,2004-09-28T10:00:00.000000Z,70.04,Mirjam
122,CJ3,EDL,3146,L4-3D,2828,-7.45577,110.83399,140,2004-07-15T04:30:00.000000Z,2004-10-07T03:00:00.000000Z,83.94,Yuan
123,AI4,EDL,3092,L4-3D,1181,-7.91245,110.52223,245,2004-07-31T02:30:00.000000Z,2004-09-29T05:00:00.000000Z,60.1,Welle /Wanagama
124,BK2,EDL,3122,L4-3D,1339A,-7.65885,110.88086,132,2004-07-27T04:30:00.000000Z,2004-09-29T04:50:00.000000Z,64.01,Birger
125,CG1,EDL,3136,T40,4456,-7.26988,109.99025,1866,2004-08-10T04:30:00.000000Z,2004-10-08T05:00:00.000000Z,59.02,Pit
126,BI3,EDL,3043,T40,4446,-7.6075,110.44533,830,2004-08-25T09:45:00.000000Z,2004-09-29T07:45:00.000000Z,34.92,Yuan
127,AK6,EDL,3149,L4-3D,1889,-8.03797,110.7436,423,2004-09-02T06:00:00.000000Z,2004-10-06T10:00:00.000000Z,34.17,Diana
128,AK7,EDL,3097,L4-3D,1356A,-8.08392,110.83837,256,2004-09-03T06:00:00.000000Z,2004-10-06T08:00:00.000000Z,33.08,Diana
129,AK8,EDL,3078,L4-3D,1331A,-7.99222,111.04803,529,2004-09-04T08:00:00.000000Z,2004-09-08T04:00:00.000000Z,3.83,Diana
130,AL1,EDL,3137,L4-3D,1906,-8.02378,111.23701,633,2004-09-08T08:00:00.000000Z,2004-10-08T15:00:00.000000Z,30.29,Diana
131,AL2,EDL,3033,L4-3D,1170,-8.13282,111.26792,639,2004-09-08T02:00:00.000000Z,2004-10-04T05:00:00.000000Z,26.12,Diana
132,AL3,EDL,3055,L4-3D,1329,-8.24568,111.17509,380,2004-09-10T03:00:00.000000Z,2004-10-06T05:00:00.000000Z,26.08,Diana
133,AL4,EDL,3059,L4-3D,1872,-8.19173,111.03901,368,2004-09-10T06:00:00.000000Z,2004-10-06T07:00:00.000000Z,26.04,Diana
134,AI4,EDL,3092,L4-3D,1334,-7.91245,110.52223,245,2004-09-29T05:00:00.000000Z,2004-10-05T08:00:00.000000Z,6.12,Welle /Wanagama
135,BH2,EDL,3140,L4-3D,1192,-7.52649,110.41065,1285,2004-09-29T09:30:00.000000Z,2004-10-04T13:00:00.000000Z,5.15,Dagmar
136,BI3,EDL,3101,T40,4446,-7.6075,110.44533,830,2004-09-29T07:45:00.000000Z,2004-10-06T03:00:00.000000Z,6.8,Yuan
137,BJ1,EDL,3133,L4-3D,1894,-7.76979,110.63866,154,2004-09-29T02:35:00.000000Z,2004-10-05T09:00:00.000000Z,6.27,Birger
138,BK2,EDL,3142,L4-3D,1339A,-7.65885,110.88086,132,2004-09-29T04:50:00.000000Z,2004-10-05T04:00:00.000000Z,5.97,Birger
139,AK8,EDL,3112,L4-3D,1331A,-7.99222,111.04803,529,2004-09-08T04:00:00.000000Z,2004-10-08T11:00:00.000000Z,30.29,Diana
201,AHB,SAM,0179,T3,3A75,-7.87747,110.31186,80,2004-05-13T08:00:00.000000Z,2004-10-05T08:00:00.000000Z,145.0,Yuan/Kiel
202,AJB,SAM,0177,T3,3A69,-8.05935,110.65646,280,2004-05-14T05:00:00.000000Z,2004-10-05T03:00:00.000000Z,143.92,Yuan/Kiel
203,BGB,SAM,0063,3ESP,3737,-7.49944,110.17211,390,2004-05-15T05:00:00.000000Z,2004-10-08T08:00:00.000000Z,146.12,Yuan/GFZ
204,BIB,SAM,0180,T3,3A95,-7.6075,110.44533,830,2004-03-31T09:00:00.000000Z,2004-07-13T00:00:00.000000Z,103.62,Yuan/Kiel
205,BKB,SAM,0181,T3,3A97,-7.85205,111.11289,325,2004-05-17T08:00:00.000000Z,2004-10-04T06:00:00.000000Z,139.92,Yuan/Kiel
206,AFB,SAM,0050,T3,3641,-7.62696,109.77509,140,2004-05-18T06:00:00.000000Z,2004-10-06T12:00:00.000000Z,141.25,Yuan/GFZ
207,CHB,SAM,0055,T3,3A00,-7.33484,110.40004,1137,2004-05-19T08:00:00.000000Z,2004-10-08T05:00:00.000000Z,141.88,Yuan/GFZ
208,CJB,SAM,0058,T3,3704,-7.45577,110.83399,140,2004-05-19T07:00:00.000000Z,2004-07-15T04:30:00.000000Z,56.9,Yuan/GFZ
209,BEB,SAM,0117,T3,3687,-7.42463,109.74207,740,2004-05-21T05:00:00.000000Z,2004-10-06T12:00:00.000000Z,138.29,Yuan/GFZ
210,CFB,SAM,0064,3ESP,3734,-7.13705,109.95567,980,2004-05-23T09:00:00.000000Z,2004-09-27T06:00:00.000000Z,126.88,Yuan/GFZ
211,DEB,SAM,0059,3ESP,3668,-7.03357,109.73565,290,2004-05-25T05:00:00.000000Z,2004-09-27T09:30:00.000000Z,125.19,Yuan/GFZ
212,DGB,SAM,0175,3T,3717,-7.05743,110.21441,315,2004-06-01T00:00:00.000000Z,2004-09-28T07:00:00.000000Z,119.29,Yuan/Kiel
213,DKB,SAM,0062,3ESP,3681,-7.3227,111.03449,120,2004-05-25T11:00:00.000000Z,2004-09-24T06:00:00.000000Z,121.79,Yuan/GFZ
214,DIB,SAM,0048,3ESP,3711,-7.08947,110.55443,70,2004-05-26T05:00:00.000000Z,2004-09-25T04:00:00.000000Z,121.96,Yuan/GFZ
215,NKB,SAM,0178,T3,3A70,-6.95835,110.99658,232,2004-06-03T07:00:00.000000Z,2004-07-20T02:00:00.000000Z,46.79,Yuan/Kiel
216,NKB,SAM,0175,T3,3A11,-6.95835,110.99658,232,2004-07-27T04:00:00.000000Z,2004-09-24T10:00:00.000000Z,59.25,Yuan/Kiel
250,OB1,OBH,1243,HTI,15,-8.4935,109.45057,-2213,2004-05-02T19:00:00.000000Z,2004-10-02T19:00:00.000000Z,153.0,Flueh
251,OB2,OBS,1256,HTI,73,-9.19008,109.5366,-3135,2004-05-02T18:00:00.000000Z,2004-10-02T18:00:00.000000Z,153.0,Flueh
252,OB3,OBH,1259,HTI,30,-9.83678,110.04328,-1853,2004-05-03T00:00:00.000000Z,2004-10-03T00:00:00.000000Z,153.0,Flueh
253,OB4,OBH,0701,HTI,42,-9.85348,110.77145,-2908,2004-05-03T01:00:00.000000Z,2004-10-03T01:00:00.000000Z,153.0,Flueh
254,OB5,OBH,0402,HTI,28,-9.76285,111.10265,-2824,2004-05-03T06:00:00.000000Z,2004-10-03T06:00:00.000000Z,153.0,Flueh
255,OB6,OBS,1246,HTI,44,-9.45187,111.24327,-2913,2004-05-02T21:00:00.000000Z,2004-10-02T21:00:00.000000Z,153.0,Flueh
256,OB7,OBS,0409,DPG,95,-9.50955,110.72202,-987,2004-05-02T20:00:00.000000Z,2004-10-02T20:00:00.000000Z,153.0,Flueh
257,OB8,OBS,0403,HTI,22,-9.44033,110.16845,-1224,2004-05-02T22:00:00.000000Z,2004-10-02T22:00:00.000000Z,153.0,Flueh
258,OB9,OBS,1235,DPG,75,-9.15218,110.0287,-3302,2004-05-02T23:00:00.000000Z,2004-10-02T23:00:00.000000Z,153.0,Flueh
259,O10,OBH,0711,HTI,23,-8.9728,110.35927,-1696,2004-05-03T05:00:00.000000Z,2004-10-03T05:00:00.000000Z,153.0,Flueh
260,O11,OBH,0405,HTI,27,-9.05865,110.78993,-3224,2004-05-03T02:00:00.000000Z,2004-10-03T02:00:00.000000Z,153.0,Flueh
261,O12,OBH,1236,HTI,39,-9.05558,111.37575,-2474,2004-05-03T03:00:00.000000Z,2004-10-03T03:00:00.000000Z,153.0,Flueh
262,O13,OBH,0401,HTI,38,-8.76868,111.02622,-1133,2004-05-03T04:00:00.000000Z,2004-10-03T04:00:00.000000Z,153.0,Flueh
263,O14,OBH,1238,HTI,45,-8.63455,110.37648,-1093,2004-05-03T08:00:00.000000Z,2004-10-03T08:00:00.000000Z,153.0,Flueh
