idx,time_utc,latitude,longitude,depth,n_picks,n_stations,n_P,n_S
0,2004-05-08T13:56:03.787076Z,-8.280606311681618,110.31927953129147,14.16015625,8,4,4,4
1,2004-05-08T18:00:53.150729Z,-8.821157295662138,110.17895995076853,13.18359375,11,6,6,5
2,2004-05-08T18:02:06.080031Z,-8.267767294249108,111.3364144508311,98.14453125,10,5,5,5
3,2004-05-08T21:22:38.014169Z,-8.532925899021343,110.64996055157769,3.41796875,9,5,4,5
4,2004-05-10T09:35:46.383774Z,-8.965463598820053,110.5609650847529,23.92578125,18,9,9,9
5,2004-05-10T15:31:09.852226Z,-8.56817827174329,109.70840243489897,94.23828125,11,6,6,5
6,2004-05-10T17:41:01.281489Z,-8.77324051799425,110.49727941234003,100.09765625,15,9,8,7
7,2004-05-11T04:04:34.266645Z,-8.34058911269863,110.17936794086323,85.44921875,16,8,8,8
8,2004-05-11T11:56:23.130137Z,-8.940413175372589,111.37609219748443,31.73828125,20,11,11,9
9,2004-05-11T12:38:01.184432Z,-8.785067820502004,110.12806601403736,94.23828125,9,5,4,5
10,2004-05-11T16:27:37.208610Z,-8.940529553065396,111.32515008511491,31.73828125,17,10,9,8
11,2004-05-11T19:12:30.553821Z,-8.653064341198922,110.3445563175038,62.98828125,17,10,10,7
12,2004-05-11T19:26:38.448851Z,-8.844397748441315,111.33766818720304,75.68359375,16,9,9,7
13,2004-05-11T21:43:02.366240Z,-8.737197648979668,110.49728002498348,93.26171875,19,10,9,10
14,2004-05-11T22:29:33.482022Z,-8.749130619669254,110.25540382043754,35.64453125,17,9,9,8
15,2004-05-11T23:16:39.524080Z,-8.112325020094264,110.81502720976424,137.20703125,18,11,11,7
16,2004-05-12T13:13:15.507133Z,-8.88122746780706,110.17890728316324,62.01171875,9,5,4,5
17,2004-05-12T19:45:30.752620Z,-9.181691833624779,110.35707273274872,20.01953125,15,11,11,4
18,2004-05-12T20:35:55.999999Z,-8.268565111159674,110.7388625203147,153.80859375,9,6,5,4
19,2004-05-13T01:38:44.765927Z,-8.783997265426933,111.47756294918155,62.98828125,29,20,20,9
20,2004-05-13T06:12:01.523471Z,-9.037032575328759,109.8857517754455,70.80078125,21,14,12,9
21,2004-05-13T10:04:58.389656Z,-7.031023103494326,110.7635411502434,65.91796875,9,5,4,5
22,2004-05-13T10:57:45.084440Z,-8.868150267689737,111.4523182384058,27.83203125,32,18,17,15
23,2004-05-13T11:42:58.799587Z,-9.120094879513065,111.56764666042096,0.48828125,11,8,5,6
24,2004-05-13T13:05:23.650743Z,-9.862576845505377,112.13170082741134,0.48828125,21,13,11,10
25,2004-05-13T13:11:08.390386Z,-8.916475320009855,111.33783107574129,19.04296875,36,22,21,15
26,2004-05-13T13:38:50.014122Z,-8.326398518272912,109.14947485487777,31.73828125,40,25,23,17
27,2004-05-13T15:12:57.443381Z,-8.892301553819495,111.40144561771521,23.92578125,23,14,11,12
28,2004-05-13T19:10:01.683456Z,-10.165805620282548,111.32809304724515,62.98828125,8,5,5,3
29,2004-05-13T21:57:44.765073Z,-8.965458772204972,110.42084933748879,25.87890625,17,10,7,10
30,2004-05-14T00:24:41.234695Z,-8.916998491316772,109.94963228724208,11.23046875,13,9,8,5
31,2004-05-14T01:02:07.798127Z,-8.088230779393145,110.8912600152585,141.11328125,14,9,7,7
32,2004-05-14T02:26:28.442206Z,-8.4728584167283,110.37007331650929,76.66015625,18,10,10,8
33,2004-05-14T06:20:05.898540Z,-8.749083536428593,110.81553718281452,47.36328125,25,13,12,13
34,2004-05-14T10:07:43.840311Z,-8.929424175952736,110.53548636213358,11.23046875,8,5,3,5
35,2004-05-14T11:36:39.621567Z,-8.868306476895372,111.38865429764883,31.73828125,31,18,18,13
36,2004-05-14T11:41:33.429316Z,-8.278954628163143,111.66697463079814,124.51171875,21,13,11,10
37,2004-05-14T12:54:22.856260Z,-8.20641269844457,109.18801171615802,71.77734375,34,20,18,16
38,2004-05-14T13:45:30.870050Z,-8.616927818394537,110.19186194505745,62.98828125,9,6,6,3
39,2004-05-14T14:00:57.670654Z,-8.256564745677501,110.29386262332183,35.64453125,10,6,6,4
40,2004-05-14T22:36:22.342580Z,-8.868276102523692,111.4013871784524,22.94921875,23,15,13,10
41,2004-05-15T02:08:54.832098Z,-8.15828356171679,109.16275422615932,76.66015625,10,7,3,7
42,2004-05-15T03:01:26.283637Z,-7.497244462997292,109.03799305457204,113.76953125,9,5,5,4
43,2004-05-15T05:46:11.222290Z,-8.568977834774248,110.38276422996611,38.57421875,29,16,16,13
44,2004-05-15T08:50:28.580824Z,-8.916786860391973,111.18501134865369,25.87890625,25,14,13,12
45,2004-05-15T10:22:18.542474Z,-8.340721637069112,110.49728659142555,88.37890625,16,9,8,8
46,2004-05-15T10:46:24.784459Z,-8.953438053167142,110.39537733249257,62.01171875,36,19,18,18
47,2004-05-15T11:56:49.241784Z,-8.905122569529818,110.95575797460693,27.83203125,16,9,8,8
48,2004-05-15T13:46:06.339851Z,-8.002336811754924,109.22678346142938,83.49609375,12,7,6,6
49,2004-05-15T14:13:54.293039Z,-8.893180552979072,110.11522149144737,22.94921875,21,12,11,10
50,2004-05-15T14:42:00.820792Z,-8.893180552979072,110.11522149144737,31.73828125,26,15,15,11
51,2004-05-15T15:45:10.920780Z,-8.532889593882695,110.72629877276862,40.52734375,16,8,8,8
52,2004-05-15T17:15:39.469521Z,-8.701126618651113,110.65002523123556,82.51953125,17,9,8,9
53,2004-05-15T17:36:22.940211Z,-8.400771686273721,110.37009807726737,20.99609375,33,17,16,17
54,2004-05-15T17:58:16.319009Z,-8.254416439786466,109.1751425123493,63.96484375,25,14,14,11
55,2004-05-15T19:01:45.506047Z,-8.917411304820948,110.51001306445592,16.11328125,36,24,20,16
56,2004-05-15T20:53:13.654890Z,-8.749130619669254,110.25540382043754,33.69140625,26,15,12,14
57,2004-05-16T01:22:14.836954Z,-9.069986120219268,112.12797331190384,0.48828125,11,8,7,4
58,2004-05-16T06:09:12.653578Z,-8.42178365597866,108.95841224540715,0.48828125,37,30,26,11
59,2004-05-16T08:12:28.488941Z,-7.558042858498007,111.72840386567466,19.04296875,30,19,18,12
60,2004-05-16T10:14:10.015950Z,-8.725138525589074,110.31906695812643,46.38671875,27,14,14,13
61,2004-05-16T11:47:32.974102Z,-10.322620259273315,111.00879801088004,62.98828125,14,9,8,6
62,2004-05-16T13:20:11.887247Z,-8.013242557988423,108.90918522841197,191.89453125,11,8,8,3
63,2004-05-16T13:26:45.887732Z,-8.278522876932218,111.80680502338667,107.91015625,8,5,4,4
64,2004-05-16T13:28:40.917028Z,-9.060922323908198,111.1980210487997,16.11328125,20,11,10,10
65,2004-05-16T16:31:44.146577Z,-8.53007360085141,111.99843549131965,91.30859375,9,6,4,5
66,2004-05-16T17:01:29.716136Z,-9.93462867470802,112.13205591009819,124.51171875,19,14,14,5
67,2004-05-16T17:36:07.336522Z,-8.122413807848668,109.21370000318127,76.66015625,28,19,15,13
68,2004-05-16T18:38:55.489491Z,-8.242405088239236,109.17518262761284,62.98828125,34,21,16,18
69,2004-05-16T20:15:15.750411Z,-7.929073986351271,108.88411308920556,129.39453125,44,33,28,16
70,2004-05-16T21:37:50.441915Z,-9.02519409334772,111.00686435074084,20.01953125,23,13,12,11
71,2004-05-17T01:02:24.857584Z,-8.051526491011732,109.67132315419897,99.12109375,24,13,12,12
72,2004-05-17T04:58:10.921907Z,-8.795943086740069,111.50305442186075,20.99609375,21,12,9,12
73,2004-05-17T14:09:32.866821Z,-8.363425847841196,111.5273554311372,115.72265625,21,13,12,9
74,2004-05-17T15:56:09.853468Z,-9.048884754977294,111.2107377583325,19.04296875,11,7,5,6
75,2004-05-17T16:13:42.730452Z,-8.928459384920805,111.3505934905814,34.66796875,16,9,7,9
76,2004-05-17T17:12:09.012087Z,-7.9771137633709,108.88392456590778,172.36328125,23,15,15,8
77,2004-05-17T17:57:59.746272Z,-8.640934643144842,110.84090076423773,96.19140625,24,12,12,12
78,2004-05-17T20:40:15.219381Z,-8.08649747344483,109.25193152714034,92.28515625,22,14,12,10
79,2004-05-17T21:11:17.964192Z,-8.809095827231205,110.87924820267688,36.62109375,21,11,10,11
80,2004-05-18T02:25:12.936685Z,-8.820034804625625,111.47765719551849,31.73828125,15,8,7,8
81,2004-05-18T17:43:55.928391Z,-8.712836568594563,110.00085076646216,28.80859375,21,12,12,9
82,2004-05-19T02:29:25.736978Z,-8.712559106025603,111.18463727679679,62.01171875,24,13,12,12
83,2004-05-19T10:36:49.648055Z,-8.989483961494193,110.40810526636707,62.98828125,9,6,5,4
84,2004-05-19T17:58:55.873069Z,-8.279806910846396,111.32372615373937,108.88671875,26,14,12,14
85,2004-05-20T09:53:00.422982Z,-10.213885915571845,111.31543337166232,8.30078125,11,7,6,5
86,2004-05-20T12:39:06.574785Z,-8.400751148892065,110.68806678524363,41.50390625,24,12,12,12
87,2004-05-20T15:00:57.058834Z,-8.484790692827113,110.78987796726567,22.94921875,13,7,6,7
88,2004-05-20T19:30:51.768840Z,-8.279063887002009,111.62883779773566,107.91015625,8,4,4,4
89,2004-05-20T21:02:38.769932Z,-8.73574326786604,109.4534846591361,14.16015625,10,7,5,5
90,2004-05-20T21:26:12.528444Z,-8.845068532668265,110.942951203071,32.71484375,16,10,8,8
91,2004-05-20T22:00:29.658999Z,-10.262915946297367,110.35660114122298,62.01171875,13,9,7,6
92,2004-05-21T06:32:48.355505Z,-9.121644640269373,110.57373307922671,18.06640625,14,10,9,5
93,2004-05-21T09:32:00.089930Z,-8.280546402755181,110.7897286340458,99.12109375,27,16,14,13
94,2004-05-21T10:31:43.606619Z,-8.92940582232672,110.62464208984682,20.99609375,19,13,8,11
95,2004-05-21T15:29:37.416824Z,-7.436659764643097,108.88597782523912,225.09765625,18,14,12,6
96,2004-05-21T20:18:52.090587Z,-9.311751862182925,109.27334977404318,248.53515625,9,6,4,5
97,2004-05-21T21:41:29.527148Z,-8.025398458157392,108.94724439633903,125.48828125,8,5,4,4
98,2004-05-22T04:04:14.513202Z,-9.157688977781984,110.56099556295301,12.20703125,19,15,13,6
99,2004-05-22T12:29:54.237324Z,-7.919633550183986,111.19597270151286,16.11328125,13,7,6,7
100,2004-05-22T14:45:35.620682Z,-8.280407967323832,110.06498595746345,107.91015625,12,7,7,5
101,2004-05-22T20:35:31.173954Z,-5.959351988659252,108.89083805229849,200.68359375,11,8,7,4
102,2004-05-22T21:33:56.097976Z,-6.728043971413664,108.88844597158392,245.60546875,11,8,5,6
103,2004-05-22T22:05:46.743773Z,-8.736847158770072,111.0192008148669,99.12109375,32,18,16,16
104,2004-05-22T22:12:56.566811Z,-8.434134314342257,109.04737274993848,62.98828125,42,27,20,22
105,2004-05-22T22:48:41.109384Z,-8.050012048198669,109.11229630539597,94.23828125,16,10,8,8
106,2004-05-22T22:53:25.396242Z,-8.458155467181015,109.0472826621396,31.73828125,44,31,23,21
107,2004-05-23T07:27:29.872773Z,-8.760908627235654,110.01351665099968,25.87890625,18,10,10,8
108,2004-05-23T07:47:38.567107Z,-8.61667368020017,109.96280236119887,62.98828125,9,5,5,4
109,2004-05-23T07:51:41.232658Z,-8.700733333419596,109.93722601125911,40.52734375,11,6,5,6
110,2004-05-23T15:40:23.932345Z,-7.691647453404986,110.0148286537318,14.16015625,35,19,18,17
111,2004-05-23T16:04:09.246606Z,-7.59537003070257,111.11928443661625,9.27734375,25,15,13,12
112,2004-05-23T18:00:34.130103Z,-8.833148438728733,110.8538065562101,36.62109375,26,14,13,13
113,2004-05-23T19:44:17.949202Z,-8.135428382844523,111.42510083705781,122.55859375,8,4,4,4
114,2004-05-23T21:14:42.361556Z,-8.30461585002609,110.28112161914184,30.76171875,25,16,15,10
115,2004-05-23T23:39:28.044546Z,-8.280593763130458,110.29384992113526,30.76171875,12,6,6,6
116,2004-05-24T05:01:22.377032Z,-7.727110805556213,111.36071108714329,16.11328125,18,12,10,8
117,2004-05-24T11:56:39.682245Z,-9.10956102414017,110.73938730662907,31.73828125,40,30,22,18
118,2004-05-24T12:16:41.545596Z,-8.412437351959607,111.04420097072209,109.86328125,33,18,16,17
119,2004-05-24T12:58:49.751657Z,-8.735847108316976,109.4916681426406,56.15234375,99,59,56,43
120,2004-05-24T19:19:04.186056Z,-5.901627304748639,110.58586865193814,248.53515625,9,6,6,3
121,2004-05-24T19:19:07.823765Z,-7.7008834871638605,108.88499254046249,201.66015625,26,22,18,8
122,2004-05-24T19:47:00.405683Z,-8.904905557892565,111.10857978342845,24.90234375,47,28,23,24
123,2004-05-24T20:49:10.652039Z,-8.111619379649122,111.32338176439981,118.65234375,8,4,4,4
124,2004-05-24T23:50:32.812300Z,-7.812072424831771,110.54809600125603,21.97265625,21,11,10,11
125,2004-05-25T00:09:32.866594Z,-8.913865464664386,112.12727747490378,187.98828125,19,13,12,7
126,2004-05-25T04:09:24.426813Z,-8.088275839375559,110.1668640946662,29.78515625,43,25,21,22
127,2004-05-25T12:05:51.954805Z,-8.808755343123442,109.8734039986634,62.98828125,20,12,8,12
128,2004-05-25T15:50:37.833909Z,-8.279979732431661,111.23473036187642,92.28515625,8,5,5,3
129,2004-05-25T16:01:46.497015Z,-8.26540127297004,112.11181197346177,156.73828125,19,14,14,5
130,2004-05-25T19:52:11.831559Z,-8.665073134761318,110.67546619019163,60.05859375,46,28,26,20
131,2004-05-25T20:51:10.960968Z,-8.434227911155487,109.0728043357005,31.73828125,37,27,22,15
132,2004-05-26T10:24:48.313382Z,-8.55677471377417,110.10284544393484,64.94140625,71,42,40,31
133,2004-05-26T13:56:18.870256Z,-8.88065036105882,111.23588021733117,28.80859375,8,5,5,3
134,2004-05-26T15:33:08.428535Z,-8.267572103266007,111.4254052069919,124.51171875,61,42,34,27
135,2004-05-26T15:41:07.431788Z,-7.691519735558523,109.9132597917655,17.08984375,15,8,7,8
136,2004-05-26T18:32:56.080866Z,-8.026032466444935,111.88220873626642,135.25390625,11,7,6,5
137,2004-05-26T19:00:47.690525Z,-8.833221049187431,110.76467526733062,96.19140625,15,9,7,8
138,2004-05-26T19:43:07.253788Z,-8.28031689348591,109.9886993819881,248.53515625,11,7,7,4
139,2004-05-26T21:21:36.242867Z,-8.556360854419342,111.19708025507012,78.61328125,18,10,10,8
140,2004-05-26T23:15:03.402483Z,-9.23932119421377,111.83564345925627,0.48828125,24,16,12,12
141,2004-05-27T12:39:15.648040Z,-8.73713225085615,110.2808714518136,105.95703125,18,12,10,8
142,2004-05-27T15:52:34.837248Z,-7.6057148163466755,109.15184117987296,241.69921875,12,8,7,5
143,2004-05-27T16:06:57.964222Z,-8.541730162704606,108.9197763176047,55.17578125,19,12,7,12
144,2004-05-27T16:13:45.144485Z,-7.703906495965758,110.67505482912642,146.97265625,8,5,4,4
145,2004-05-27T17:47:24.135778Z,-8.79726475496767,110.44635103180714,31.73828125,23,13,12,11
146,2004-05-28T06:17:52.579764Z,-9.001509094550896,110.47179735836625,40.52734375,9,6,4,5
147,2004-05-28T10:00:37.468998Z,-8.844157152325963,111.43952479066472,31.73828125,29,19,16,13
148,2004-05-28T11:02:29.169156Z,-8.412771351332134,110.67535336830638,22.94921875,26,13,13,13
149,2004-05-28T13:53:51.805519Z,-8.412771351332134,110.67535336830638,22.94921875,32,16,16,16
150,2004-05-28T14:37:18.981864Z,-8.652925512701119,110.14092481755239,104.98046875,9,6,5,4
151,2004-05-28T15:54:55.119167Z,-7.788027870043372,110.38299924711575,14.16015625,10,5,5,5
152,2004-05-28T19:18:58.018046Z,-8.040329805607085,110.64977865105467,97.16796875,10,6,6,4
153,2004-05-28T19:30:04.416440Z,-8.280506733728481,110.84058738997322,116.69921875,14,9,8,6
154,2004-05-29T05:02:30.749054Z,-8.32840537790404,110.99322139818035,12.20703125,24,13,11,13
155,2004-05-29T07:05:09.311955Z,-7.739968444243405,110.62427704683165,38.57421875,47,30,29,18
156,2004-05-29T08:58:25.511104Z,-8.796507262128603,111.2611759802524,62.98828125,12,7,6,6
157,2004-05-29T10:33:52.812236Z,-8.88102973216958,111.00666620785026,23.92578125,17,12,7,10
158,2004-05-29T16:35:25.090691Z,-8.60481765937782,110.0900698751515,102.05078125,8,4,4,4
159,2004-05-29T21:50:50.383270Z,-8.892783244814385,111.1722324853875,29.78515625,24,14,12,12
160,2004-05-29T22:37:05.953673Z,-7.463099972056073,111.19523294434883,244.62890625,37,28,27,10
161,2004-05-30T08:43:41.536736Z,-8.268572386676281,110.28114187271697,45.41015625,13,7,6,7
162,2004-05-30T09:22:30.643973Z,-7.763980726167819,110.6750790782607,38.57421875,18,9,9,9
163,2004-05-30T12:29:17.621575Z,-8.26675262743167,111.7304976756967,0.48828125,20,12,10,10
164,2004-05-30T14:48:03.547726Z,-8.28057190443961,110.25570558710449,77.63671875,16,8,8,8
165,2004-05-30T16:13:20.016140Z,-8.833123803263597,110.12801751185128,125.48828125,25,17,17,8
166,2004-05-30T16:29:17.616507Z,-7.824037588088532,110.71320525688851,20.99609375,30,18,18,12
167,2004-05-30T17:38:10.387209Z,-8.279726775477162,109.64542340193569,124.51171875,25,17,12,13
168,2004-05-30T18:22:19.413322Z,-8.446001203091887,109.00917973731251,31.73828125,10,6,6,4
169,2004-05-30T21:38:12.502013Z,-8.809244095526157,110.33175778621239,31.73828125,39,22,21,18
170,2004-05-31T02:10:33.915932Z,-8.92942548692843,110.51001327275101,31.73828125,25,15,13,12
171,2004-05-31T04:21:01.612195Z,-7.4967109015586555,108.88575700408616,229.00390625,38,28,26,12
172,2004-05-31T08:49:30.721773Z,-8.820768863499623,111.13390636068026,22.94921875,34,19,19,15
173,2004-05-31T15:17:13.320351Z,-8.785196336121183,110.71371566686234,125.48828125,13,9,9,4
174,2004-05-31T17:58:57.443508Z,-8.399830749383137,109.63244400858437,83.49609375,16,10,10,6
175,2004-05-31T18:58:29.493435Z,-9.838559497947754,112.13158306938432,177.24609375,26,17,17,9
176,2004-05-31T19:51:35.722000Z,-8.26719144232722,111.5779553527994,31.73828125,11,6,6,5
177,2004-05-31T22:24:14.037239Z,-8.880976279620898,109.96242077915907,31.73828125,16,9,8,8
178,2004-05-31T23:09:34.920964Z,-8.92851662084019,111.32512318204142,2.44140625,81,62,58,23
179,2004-05-31T23:39:49.147785Z,-8.941435285386778,110.56096132231094,24.90234375,49,34,30,19
180,2004-06-01T00:29:21.216895Z,-8.79713993332004,110.19171270653159,62.98828125,11,7,6,5
181,2004-06-01T14:51:59.806900Z,-7.511251943436112,109.87543396450654,9.27734375,17,9,9,8
182,2004-06-01T16:09:49.926436Z,-8.7723752586754,111.31204701507315,62.98828125,10,5,5,5
183,2004-06-01T17:40:48.943990Z,-7.487205059855162,109.86277851837826,10.25390625,15,8,8,7
184,2004-06-01T18:11:50.090116Z,-8.7131408993252,110.35726009863465,38.57421875,16,9,8,8
185,2004-06-01T20:46:57.199985Z,-9.658488361390368,112.1179516965905,187.98828125,23,18,18,5
186,2004-06-01T22:04:01.570530Z,-9.658428267399602,112.13070947949676,187.98828125,28,19,18,10
187,2004-06-01T23:06:02.890952Z,-8.940529553065396,111.32515008511491,20.99609375,26,14,14,12
188,2004-06-01T23:45:54.009412Z,-7.823244597869042,111.34820691726894,60.05859375,10,6,5,5
189,2004-06-02T06:38:24.955747Z,-8.821278147042918,110.38268332898173,31.73828125,31,17,15,16
190,2004-06-02T11:43:40.990725Z,-8.735408684860648,111.668352840312,74.70703125,67,54,48,19
191,2004-06-02T11:48:19.212057Z,-8.280495804562495,110.85330203795196,89.35546875,37,20,19,18
192,2004-06-02T14:02:29.026584Z,-9.037552333155732,110.52275548130801,70.80078125,22,17,17,5
193,2004-06-02T21:40:17.140593Z,-8.652715160744398,111.04453896780554,128.41796875,9,5,5,4
194,2004-06-03T00:23:01.360747Z,-8.291712437011416,109.63268358514297,248.53515625,25,18,12,13
195,2004-06-03T09:19:53.299882Z,-8.316630323347367,110.28111484768826,29.78515625,17,10,7,10
196,2004-06-03T13:40:43.075443Z,-8.256588154591924,110.34471880166787,22.94921875,9,5,5,4
197,2004-06-03T14:46:31.590168Z,-8.941437035742348,110.54822436482459,22.94921875,29,16,14,15
198,2004-06-03T15:49:04.038764Z,-7.4967109015586555,112.12153299591384,200.68359375,9,6,6,3
199,2004-06-03T16:10:42.364085Z,-8.400291133477866,111.1332109148102,76.66015625,24,14,13,11
200,2004-06-03T16:59:52.516923Z,-8.844971155499174,111.0193503140743,35.64453125,15,9,7,8
201,2004-06-04T02:18:13.433496Z,-9.073527107887559,110.28066775261688,8.30078125,38,25,22,16
202,2004-06-04T03:28:38.529174Z,-7.907681058937088,109.84944427629105,22.94921875,29,17,14,15
203,2004-06-04T05:40:53.997133Z,-8.92730605867605,111.75809144311322,10.25390625,27,17,16,11
204,2004-06-04T11:58:25.858322Z,-8.977453138592699,110.35715566064515,70.80078125,22,13,10,12
205,2004-06-04T12:28:43.590112Z,-8.472802483464255,110.2555838678537,46.38671875,16,8,8,8
206,2004-06-04T15:22:48.376206Z,-10.850737125429895,109.77985571880217,93.26171875,15,10,8,7
207,2004-06-04T16:23:08.843819Z,-8.857316440787685,110.36993755025237,0.48828125,69,51,44,25
208,2004-06-04T16:29:07.955808Z,-8.280648815074276,110.49728755878849,122.55859375,35,20,19,16
209,2004-06-04T16:38:21.012884Z,-8.977475546953887,110.4335848204973,26.85546875,21,12,9,12
210,2004-06-04T16:39:16.900218Z,-9.04872929572429,111.2871755447578,31.73828125,19,15,5,14
211,2004-06-04T18:25:07.862763Z,-9.049473857542003,110.24246069005746,14.16015625,17,13,8,9
212,2004-06-04T18:53:10.807278Z,-8.268433749500977,110.10314168700855,39.55078125,24,13,13,11
213,2004-06-04T21:04:22.890611Z,-8.316421753797204,110.96777530141307,22.94921875,35,18,17,18
214,2004-06-05T01:03:21.951336Z,-8.59295362371196,110.26823130769436,62.98828125,10,6,4,6
215,2004-06-05T09:25:26.822092Z,-8.484323938351613,111.17150922870418,85.44921875,28,16,14,14
216,2004-06-05T14:53:26.443854Z,-8.795839811740063,111.54124419185379,31.73828125,13,7,7,6
217,2004-06-05T15:13:03.193552Z,-8.617031078777428,110.63726686314577,65.91796875,14,8,7,7
218,2004-06-05T16:11:34.557789Z,-9.286150891955515,112.12895757108916,0.48828125,11,7,7,4
219,2004-06-05T18:11:19.708549Z,-9.03663272750888,111.32536666539059,31.73828125,15,12,10,5
220,2004-06-05T19:02:33.425009Z,-9.037532868984986,110.62467795778473,70.80078125,13,10,10,3
221,2004-06-06T13:18:05.139191Z,-8.747893326881702,111.50292593363027,19.04296875,35,20,18,17
222,2004-06-06T19:57:49.590788Z,-8.88136871204466,110.49727755867887,25.87890625,10,6,4,6
223,2004-06-06T20:54:37.962774Z,-9.097610747164921,110.59921324766533,9.27734375,37,28,24,13
224,2004-06-07T08:46:55.700210Z,-9.04607964450467,112.1023943460619,39.55078125,9,6,3,6
225,2004-06-07T10:14:14.287295Z,-8.003730762138547,111.19611391150582,18.06640625,12,6,6,6
226,2004-06-07T12:06:34.051936Z,-8.953438053167142,110.39537733249257,68.84765625,46,26,24,22
227,2004-06-07T14:03:07.072956Z,-8.340116131257956,109.81059582968362,69.82421875,12,7,5,7
228,2004-06-07T14:43:24.662949Z,-8.880319248233132,111.38868308272012,24.90234375,17,10,7,10
229,2004-06-07T14:57:52.322887Z,-8.278764442583842,111.73053483403149,123.53515625,21,14,12,9
230,2004-06-08T08:42:48.723465Z,-7.0908735383683466,109.97745159644133,0.48828125,10,6,6,4
231,2004-06-08T11:03:49.693512Z,-8.80927900814294,110.4463491833937,33.69140625,63,38,33,30
232,2004-06-08T11:06:57.889022Z,-7.388618733575472,108.88615316770343,203.61328125,14,11,7,7
233,2004-06-08T14:47:44.023272Z,-9.085541096895012,110.72662967052284,31.73828125,24,18,10,14
234,2004-06-08T15:22:29.658241Z,-8.280546402755181,110.7897286340458,89.35546875,33,19,19,14
235,2004-06-08T22:31:52.403223Z,-8.639713729403962,111.52808884064773,16.11328125,26,15,13,13
236,2004-06-08T23:40:31.216801Z,-8.639713729403962,111.52808884064773,20.01953125,13,7,6,7
237,2004-06-09T00:36:28.136360Z,-8.77318901047907,110.30631218383117,32.71484375,17,11,7,10
238,2004-06-09T04:13:39.255214Z,-8.532838266367518,110.204653412537,85.44921875,15,8,8,7
239,2004-06-09T04:28:50.391201Z,-8.181955976034356,109.06101030354128,81.54296875,16,10,10,6
240,2004-06-09T09:14:42.839489Z,-7.499504566096275,110.9034095655391,121.58203125,10,6,6,4
241,2004-06-09T15:22:25.470224Z,-8.268572386676281,110.72614812728303,40.52734375,15,9,7,8
242,2004-06-09T17:33:09.992991Z,-8.279525633300668,111.45085941888775,122.55859375,57,37,32,25
243,2004-06-09T19:42:15.779388Z,-8.484824715716174,110.26829756750676,101.07421875,47,32,21,26
244,2004-06-09T23:18:44.106445Z,-8.07560426675853,109.69668818158516,96.19140625,17,13,6,11
245,2004-06-10T04:04:48.703517Z,-8.917258132453918,110.16613959441355,12.20703125,62,44,40,22
246,2004-06-10T04:34:58.381681Z,-8.4117866925293,109.60698198646622,47.36328125,40,25,21,19
247,2004-06-10T07:56:09.486720Z,-8.749188404224018,110.63731363318166,64.94140625,15,8,8,7
248,2004-06-10T11:23:24.069028Z,-8.881344808910265,110.36992885702796,62.01171875,9,5,4,5
249,2004-06-10T12:20:46.576264Z,-7.36601521681161,109.34284285793343,9.27734375,19,11,11,8
250,2004-06-10T17:45:30.698164Z,-8.71306119194412,110.79004933475959,46.38671875,34,18,17,17
251,2004-06-11T06:19:43.144317Z,-8.893218414119476,110.15342656547016,32.71484375,22,13,12,10
252,2004-06-11T12:02:27.572576Z,-8.2655527517822,108.93360644976381,125.48828125,21,17,10,11
253,2004-06-11T13:07:51.613106Z,-8.83330922036865,110.45907870263258,28.80859375,33,18,16,17
254,2004-06-11T15:56:02.541003Z,-8.280435087411517,110.91687499966984,98.14453125,8,4,4,4
255,2004-06-11T17:31:51.668220Z,-7.366047934133547,109.35552747353915,16.11328125,13,8,7,6
256,2004-06-11T22:12:38.776535Z,-8.773231504142682,110.58639761012995,62.98828125,9,6,4,5
257,2004-06-11T22:21:47.433725Z,-8.280506733728481,110.16670261002677,91.30859375,30,18,15,15
258,2004-06-12T00:51:20.828867Z,-9.037543485796721,110.58645705752228,78.61328125,21,13,12,9
259,2004-06-12T08:26:59.411828Z,-9.503929021582204,111.73461979333243,16.11328125,18,14,8,10
260,2004-06-12T13:18:55.059251Z,-8.316630323347367,110.28111484768826,30.76171875,24,14,13,11
261,2004-06-12T16:09:12.561314Z,-8.916998491316772,109.94963228724208,0.48828125,58,45,36,22
262,2004-06-12T17:33:32.579056Z,-8.400489920700725,110.9933113791123,94.23828125,17,9,9,8
263,2004-06-12T17:52:39.851739Z,-8.388101823913667,111.23493117808046,103.02734375,22,14,12,10
264,2004-06-12T19:24:08.403378Z,-8.328356519820304,111.03136914011773,113.76953125,8,5,4,4
265,2004-06-12T21:09:56.040916Z,-8.520833582450258,110.21738528840669,38.57421875,25,13,13,12
266,2004-06-12T22:31:08.139212Z,-7.499200663754003,109.85007074295604,12.20703125,12,6,6,6
267,2004-06-13T06:09:42.162123Z,-8.169322403789675,108.8958649674574,125.48828125,21,15,10,11
268,2004-06-13T07:35:31.910054Z,-8.73714635626472,110.30633117558959,6.34765625,60,37,34,26
269,2004-06-13T15:13:02.670741Z,-9.021949141774444,112.12775786835061,219.23828125,18,15,14,4
270,2004-06-13T16:35:37.954504Z,-8.83330922036865,110.45907870263258,62.98828125,11,6,6,5
271,2004-06-13T17:11:02.443784Z,-8.736943327529742,110.94282384952227,49.31640625,11,7,6,5
272,2004-06-13T20:06:01.935695Z,-6.728560042070206,111.95419500490301,8.30078125,38,28,27,11
273,2004-06-14T01:17:55.657564Z,-8.41069038546456,111.7945272662121,0.48828125,33,19,18,15
274,2004-06-14T02:16:09.426474Z,-8.48380537247354,111.4259142190153,17.08984375,17,9,8,9
275,2004-06-14T05:14:01.008314Z,-8.460851840852937,110.61177113970572,31.73828125,16,8,8,8
276,2004-06-14T09:47:37.605607Z,-8.280600239798067,110.3065647212286,30.76171875,9,5,4,5
277,2004-06-14T14:04:50.469517Z,-8.89338030616663,110.45907146335067,27.83203125,17,10,8,9
278,2004-06-14T16:49:26.835166Z,-5.673332037375477,110.49732263845779,0.48828125,19,13,12,7
279,2004-06-14T18:51:31.156543Z,-8.999012488894675,111.86022392437667,25.87890625,20,14,11,9
280,2004-06-14T21:14:12.735636Z,-8.422076378795362,109.03470240380283,94.23828125,31,24,15,16
281,2004-06-15T00:36:52.563343Z,-8.45771261965471,108.93283717851948,62.98828125,9,5,5,4
282,2004-06-15T03:10:42.390907Z,-8.280472731957705,110.87873128020367,109.86328125,21,12,11,10
283,2004-06-15T07:29:52.391382Z,-8.64108257539103,110.52273506199175,40.52734375,14,8,7,7
284,2004-06-15T09:29:04.586871Z,-7.571007263766983,111.32232417453167,13.18359375,19,10,10,9
285,2004-06-15T09:32:31.803407Z,-7.5469797378998695,111.32227891367066,13.18359375,51,34,28,23
286,2004-06-15T11:36:48.789538Z,-8.074327060975419,109.20114785369825,78.61328125,11,7,6,5
287,2004-06-15T14:38:31.178835Z,-7.366047934133547,109.35552747353915,12.20703125,10,6,5,5
288,2004-06-15T14:38:37.117035Z,-8.410731914136887,111.7818113936147,0.48828125,30,18,14,16
289,2004-06-15T18:32:49.939442Z,-8.79704179975407,110.08985886292747,72.75390625,9,6,6,3
290,2004-06-15T20:56:04.016940Z,-8.316637235158128,110.2938307962258,28.80859375,24,13,12,12
291,2004-06-15T21:28:49.587846Z,-9.024409615240241,111.41450823758332,62.98828125,16,12,8,8
292,2004-06-16T02:04:53.710013Z,-8.977316054179484,110.15334626199184,15.13671875,9,6,4,5
293,2004-06-16T02:25:34.739196Z,-8.92930487850859,110.20433758291884,15.13671875,22,13,13,9
294,2004-06-16T20:49:24.572985Z,-8.268579258007316,110.7134337229971,50.29296875,15,8,7,8
295,2004-06-17T00:40:24.659395Z,-6.92154386605452,111.663326351856,35.64453125,17,11,9,8
296,2004-06-17T02:09:19.274583Z,-9.874585505968355,112.13175981942952,248.53515625,18,13,10,8
297,2004-06-17T08:47:46.340271Z,-8.520320234338337,109.81027480376233,62.01171875,34,20,19,15
298,2004-06-17T09:08:03.454270Z,-7.88103409436861,108.88430043753073,200.68359375,37,30,23,14
299,2004-06-17T11:54:29.937188Z,-8.845021791403925,110.98115086789173,31.73828125,16,8,8,8
300,2004-06-17T16:26:13.580501Z,-9.313827269928478,110.3187676474519,7.32421875,25,19,13,12
301,2004-06-17T16:44:11.002639Z,-8.833296253926399,110.39541261859533,32.71484375,17,10,8,9
302,2004-06-17T17:03:49.062592Z,-8.67711416397567,110.40818564877347,59.08203125,13,7,7,6
303,2004-06-17T19:51:25.282052Z,-8.820977750138763,110.99385230310354,33.69140625,42,24,23,19
304,2004-06-17T20:50:41.161070Z,-8.20810862979331,111.10748106583287,136.23046875,40,22,20,20
305,2004-06-18T06:06:00.811123Z,-8.170294902191115,109.16271415423094,72.75390625,15,10,7,8
306,2004-06-18T11:59:59.778033Z,-9.037540389224482,110.59919736269762,62.98828125,29,20,16,13
307,2004-06-18T12:24:47.012541Z,-8.965461404903571,110.5737028754165,30.76171875,13,7,7,6
308,2004-06-18T14:54:52.902728Z,-8.725110354150344,110.26814914087103,43.45703125,23,13,11,12
309,2004-06-18T14:58:39.291223Z,-8.02554077928455,108.98535106108551,125.48828125,12,7,5,7
310,2004-06-18T15:24:48.904078Z,-8.880792459098643,109.8478132975915,13.18359375,10,6,6,4
311,2004-06-18T16:17:06.579665Z,-8.399913295086707,109.67059596993622,63.96484375,99,68,62,37
312,2004-06-18T17:53:39.619718Z,-8.351778239622254,111.37473911621042,124.51171875,12,8,5,7
313,2004-06-18T20:38:02.201984Z,-8.280644767116454,110.56086196125554,89.35546875,29,16,15,14
314,2004-06-18T22:17:01.295471Z,-8.904946083492236,111.08310975965473,26.85546875,12,6,6,6
315,2004-06-19T09:26:58.678310Z,-8.820925959293673,111.03204919971697,18.06640625,18,9,9,9
316,2004-06-19T12:28:28.301455Z,-8.532675523991532,110.96803312744157,15.13671875,28,15,15,13
317,2004-06-19T14:00:29.585542Z,-8.640911397032989,110.86635369186423,101.07421875,11,6,6,5
318,2004-06-19T20:10:45.003335Z,-8.916854930455704,111.14680559262446,24.90234375,16,9,7,9
319,2004-06-19T21:46:29.828224Z,-8.169271708219515,108.88315870952417,219.23828125,53,41,38,15
320,2004-06-19T23:01:19.200906Z,-8.677061107021904,110.28090698516198,62.01171875,52,32,27,25
321,2004-06-20T00:37:50.542894Z,-8.244006601133577,109.81076413857816,81.54296875,44,25,23,21
322,2004-06-20T01:14:47.738606Z,-8.917208385108053,110.1151961338157,20.01953125,42,26,24,18
323,2004-06-20T07:37:40.215104Z,-8.448738234805317,110.80257150611446,27.83203125,14,8,8,6
324,2004-06-20T08:51:18.294073Z,-8.29261474722874,110.30655874158582,43.45703125,21,12,11,10
325,2004-06-20T17:07:09.010988Z,-8.580110943610165,111.33708267842847,0.48828125,14,8,7,7
326,2004-06-20T18:24:27.727961Z,-8.280634242441547,110.39556856501108,30.76171875,21,11,11,10
327,2004-06-20T18:54:09.240432Z,-8.266791416134495,111.7177861413379,160.64453125,8,5,3,5
328,2004-06-20T20:34:06.334554Z,-9.144155954237831,111.55497601450365,0.48828125,33,24,18,15
329,2004-06-20T20:56:33.400613Z,-7.172432775918881,108.88692776695656,0.48828125,59,48,43,16
330,2004-06-20T21:39:15.880302Z,-8.664829421435615,110.96819406672991,104.98046875,9,6,4,5
331,2004-06-21T00:20:10.753018Z,-8.79721052175095,110.29356756530566,31.73828125,10,5,5,5
332,2004-06-21T06:36:22.825288Z,-8.280593763130458,110.29384992113526,30.76171875,14,8,6,8
333,2004-06-21T09:09:41.051099Z,-8.68595217046932,112.06266670508691,87.40234375,15,8,8,7
334,2004-06-21T13:28:30.114934Z,-7.751396083877736,111.22108988678364,17.08984375,15,8,7,8
335,2004-06-21T15:52:26.444749Z,-7.811761807592006,109.98929044240884,119.62890625,43,26,25,18
336,2004-06-21T16:11:47.436636Z,-8.712646903647203,111.13372416449118,62.01171875,34,19,18,16
337,2004-06-21T16:54:32.877362Z,-8.28036425167326,110.98044743880833,107.91015625,25,15,14,11
338,2004-06-21T18:38:48.365493Z,-8.615688854728747,111.52802408451439,4.39453125,10,6,5,5
339,2004-06-22T02:16:09.609071Z,-8.316637235158128,110.2938307962258,30.76171875,20,11,11,9
340,2004-06-22T10:17:53.922946Z,-8.268565111159674,110.2684274796853,34.66796875,8,4,4,4
341,2004-06-22T12:32:35.451845Z,-8.316406711106318,110.98049090247777,20.99609375,15,8,7,8
342,2004-06-22T16:33:57.306361Z,-7.487275975856751,109.91353830385721,5.37109375,62,40,40,22
343,2004-06-22T17:18:42.266503Z,-8.725167977709953,110.39544395244519,50.29296875,19,11,10,9
344,2004-06-22T18:06:35.575593Z,-7.389060489799406,109.01298474280566,223.14453125,86,60,60,26
345,2004-06-22T18:36:27.628886Z,-9.037373176952475,110.14054835413843,81.54296875,23,18,18,5
346,2004-06-22T19:10:17.341332Z,-8.712784143662084,109.96266498954017,35.64453125,19,12,10,9
347,2004-06-22T21:18:59.513250Z,-6.346061224826292,110.90244000057373,1.46484375,19,14,12,7
348,2004-06-23T06:31:50.007199Z,-8.820977750138763,110.99385230310354,31.73828125,10,6,6,4
349,2004-06-23T17:09:48.699574Z,-8.448346195538631,111.13328861199552,17.08984375,28,17,16,12
350,2004-06-23T22:15:18.472581Z,-6.2380709056987245,110.56060439680981,2.44140625,14,11,8,6
351,2004-06-24T09:56:48.399728Z,-8.544392031978413,111.17161337712274,98.14453125,21,11,10,11
352,2004-06-24T12:36:59.606844Z,-7.872108528704863,110.68782526279375,39.55078125,12,6,6,6
353,2004-06-24T12:38:45.475869Z,-7.932018311282035,110.91651958230985,181.15234375,9,6,5,4
354,2004-06-24T18:18:57.907361Z,-7.174813726819427,109.85054390338408,3.41796875,43,33,30,13
355,2004-06-24T20:31:14.630068Z,-8.398720415243664,109.22551794376861,47.36328125,44,26,26,18
356,2004-06-25T05:58:05.538565Z,-8.280593763130458,110.71344007886474,124.51171875,38,22,20,18
357,2004-06-25T09:23:33.008028Z,-8.508530941632387,111.057056700402,106.93359375,12,6,6,6
358,2004-06-25T11:22:21.237068Z,-8.845206594919713,110.80288417746246,27.83203125,8,5,4,4
359,2004-06-25T11:23:36.375354Z,-8.280407967323832,110.94230404253655,91.30859375,31,18,18,13
360,2004-06-25T12:49:58.267457Z,-8.339497245492062,111.48914839758632,122.55859375,22,16,14,8
361,2004-06-25T12:53:49.243355Z,-8.879667077035526,109.37668275579259,0.48828125,17,13,7,10
362,2004-06-25T13:20:00.941791Z,-8.424808452657643,110.6117611100865,20.99609375,12,7,7,5
363,2004-06-25T19:30:08.536830Z,-8.064324877203306,110.72603507750377,131.34765625,39,23,22,17
364,2004-06-25T21:52:44.505926Z,-8.809244095526157,110.33175778621239,24.90234375,15,10,9,6
365,2004-06-26T09:45:06.011788Z,-8.929118290402144,110.98125975704879,22.94921875,8,5,5,3
366,2004-06-26T13:11:48.849023Z,-8.49649877675835,111.06976075710861,109.86328125,59,37,34,25
367,2004-06-26T18:13:55.559249Z,-8.280527377774273,110.1921319564743,118.65234375,14,9,8,6
368,2004-06-26T19:12:51.807254Z,-8.797235486178266,110.34449527179622,36.62109375,16,9,8,8
369,2004-06-26T20:57:53.346038Z,-8.28063748080068,110.4082834268516,114.74609375,23,12,12,11
370,2004-06-27T09:32:33.127991Z,-8.928953119473363,111.09588349889816,17.08984375,34,18,17,17
371,2004-06-27T17:14:31.884253Z,-8.280606311681618,110.31927953129147,88.37890625,9,6,6,3
372,2004-06-27T19:57:17.497347Z,-8.578892106257419,109.22492176380584,20.99609375,49,32,31,18
373,2004-06-27T20:27:19.150799Z,-8.268634228998232,110.4972877513927,62.98828125,10,5,5,5
374,2004-06-27T23:46:25.608900Z,-8.32738800692568,111.52726158940042,117.67578125,57,45,35,22
375,2004-06-28T02:12:52.150289Z,-10.5350478507202,112.13512080073913,125.48828125,15,12,9,6
376,2004-06-28T04:15:53.118193Z,-8.604923717866715,110.8026929035902,99.12109375,13,8,7,6
377,2004-06-28T11:35:38.347185Z,-8.304622751716035,110.29383718074814,28.80859375,20,10,10,10
378,2004-06-28T13:38:42.000477Z,-8.34070695727367,110.39555211988993,85.44921875,16,10,7,9
379,2004-06-28T14:10:00.327962Z,-7.667893707845121,110.45920909929247,7.32421875,11,6,5,6
380,2004-06-28T21:30:24.981589Z,-9.15678967068276,111.31289754396201,15.13671875,11,6,5,6
381,2004-06-29T01:38:31.773437Z,-8.737036078628197,110.15357361571627,5.37109375,8,4,4,4
382,2004-06-29T13:42:48.782317Z,-7.895830205976822,109.96378238887769,119.62890625,24,14,13,11
383,2004-06-29T16:27:49.970065Z,-7.463247172396403,109.9135705630664,10.25390625,32,21,21,11
384,2004-06-29T19:07:30.706981Z,-8.916809986662548,109.83501386953132,31.73828125,13,8,7,6
385,2004-06-30T14:51:40.816858Z,-9.301859867154624,110.47177062725443,31.73828125,12,8,6,6
386,2004-06-30T20:22:51.170206Z,-7.811044108609642,111.43707379839246,1.46484375,78,53,50,28
387,2004-06-30T23:20:12.427249Z,-8.869081082013025,110.95571379646967,33.69140625,23,14,12,11
388,2004-07-01T02:16:04.125715Z,-8.388747772026534,110.3446655173806,76.66015625,54,31,26,28
389,2004-07-01T11:36:48.621149Z,-8.076395932417018,110.56083284674966,112.79296875,10,6,5,5
390,2004-07-01T13:42:42.984021Z,-9.181696778558651,110.36981812223705,11.23046875,19,13,10,9
391,2004-07-01T13:53:32.934665Z,-9.517492425941407,111.16065039196089,38.57421875,69,57,54,15
392,2004-07-01T15:43:20.269436Z,-9.157652661927788,110.33159354827491,40.52734375,54,34,33,21
393,2004-07-01T17:22:16.628210Z,-8.905220184066632,110.14067968294277,23.92578125,30,22,19,11
394,2004-07-01T18:20:47.665373Z,-8.917246350145948,110.15340370186698,20.99609375,38,22,20,18
395,2004-07-01T21:02:29.473852Z,-8.266427783953752,109.17510233664726,62.98828125,18,9,9,9
396,2004-07-01T22:03:27.938200Z,-8.953300026618372,110.16610643005808,39.55078125,10,7,5,5
397,2004-07-01T22:25:03.450488Z,-8.316527460471763,110.86604970144158,93.26171875,19,10,10,9
398,2004-07-01T22:29:46.119008Z,-8.905232386009247,110.15341514169079,31.73828125,20,14,12,8
399,2004-07-01T23:06:37.072491Z,-8.917258132453918,110.16613959441355,12.20703125,21,12,11,10
400,2004-07-01T23:55:37.381400Z,-9.193269637492138,111.08357133608813,53.22265625,10,6,5,5
401,2004-07-02T11:38:50.288178Z,-8.544967866085361,110.4972832482005,104.98046875,9,6,4,5
402,2004-07-02T11:42:54.917419Z,-8.268034027266099,109.81072225060834,78.61328125,22,12,12,10
403,2004-07-02T13:16:05.055810Z,-8.59242409968249,111.18442143892388,102.05078125,26,15,13,13
404,2004-07-02T16:01:25.506772Z,-8.904884641574405,111.12131474944749,27.83203125,34,19,18,16
405,2004-07-02T22:25:34.228656Z,-8.267989166619081,109.78529523714437,72.75390625,12,8,5,7
406,2004-07-02T22:37:04.299358Z,-9.025478583114175,110.29343714826204,62.98828125,12,8,7,5
407,2004-07-02T23:04:44.092347Z,-8.867913359154016,111.54144571004016,7.32421875,38,22,20,18
408,2004-07-03T02:49:33.119433Z,-7.496939615283176,108.94918733383997,204.58984375,13,10,7,6
409,2004-07-03T03:33:56.001237Z,-8.47066256630553,111.82016226755775,86.42578125,17,10,10,7
410,2004-07-03T11:32:28.441282Z,-8.62653892170374,111.89703412141151,114.74609375,13,9,5,8
411,2004-07-03T16:15:48.053493Z,-8.47182230115139,111.41316612986512,111.81640625,11,7,6,5
412,2004-07-03T19:54:20.009198Z,-7.832994088103417,108.88448661154897,97.16796875,33,22,21,12
413,2004-07-04T08:12:10.509280Z,-8.328492102179343,110.91692526271343,80.56640625,8,5,4,4
414,2004-07-04T13:12:11.080570Z,-8.268420815618073,110.91686248094155,48.33984375,8,4,4,4
415,2004-07-04T15:32:15.201508Z,-8.579997648793775,111.3879755979086,17.08984375,36,21,21,15
416,2004-07-04T16:36:40.572384Z,-8.929272104951057,110.16612855509518,17.08984375,41,25,25,16
417,2004-07-04T16:37:42.274262Z,-8.917234131483637,110.14066782715288,20.01953125,20,14,12,8
418,2004-07-04T16:41:28.980086Z,-8.280517258133266,110.17941727504991,77.63671875,18,11,10,8
419,2004-07-04T19:50:57.763071Z,-8.268407477586647,110.92957662799155,47.36328125,8,4,4,4
420,2004-07-04T19:56:51.888950Z,-8.304328423429133,111.03133700192814,22.94921875,32,17,16,16
421,2004-07-04T20:08:40.170976Z,-8.280648815074276,110.49728755878849,122.55859375,25,16,16,9
422,2004-07-04T22:51:47.887624Z,-8.929235398804868,110.12791968195266,24.90234375,42,24,22,20
423,2004-07-05T06:18:22.829675Z,-7.07879869772237,109.92675077111367,0.48828125,59,46,35,24
424,2004-07-05T06:32:23.269275Z,-7.090844128324885,109.95209366016314,2.44140625,9,5,5,4
425,2004-07-05T07:16:28.527544Z,-8.737139517274,110.2936013083644,37.59765625,18,9,9,9
426,2004-07-05T11:43:59.594057Z,-8.268118899870275,109.86157669293257,82.51953125,50,29,28,22
427,2004-07-05T12:36:03.538666Z,-7.0403180922841555,108.88738951612335,156.73828125,39,36,31,8
428,2004-07-05T14:54:48.599799Z,-8.268446279232199,110.8914341247843,49.31640625,13,7,6,7
429,2004-07-05T18:53:52.483008Z,-10.573771833737231,111.48273252206198,164.55078125,16,10,10,6
430,2004-07-06T07:51:12.830706Z,-8.48483218418568,110.72627101736428,37.59765625,8,5,3,5
431,2004-07-06T11:06:42.313599Z,-8.29266298854697,110.48457209800628,83.49609375,70,45,37,33
432,2004-07-06T12:35:51.490020Z,-9.037506327046694,110.31891067384569,17.08984375,14,11,6,8
433,2004-07-06T14:49:49.765260Z,-8.517553126392928,112.12556749147937,248.53515625,22,16,14,8
434,2004-07-06T15:02:30.606452Z,-8.832268116132191,111.3885681855418,66.89453125,9,5,4,5
435,2004-07-06T16:08:31.578794Z,-9.121228916571352,111.05796921233937,18.06640625,10,5,5,5
436,2004-07-06T17:57:55.845434Z,-8.424396940958319,111.08237441476723,119.62890625,22,14,12,10
437,2004-07-06T18:56:17.307991Z,-7.186880750312277,109.88857094444496,0.48828125,8,4,4,4
438,2004-07-06T19:19:44.488982Z,-8.917246350145948,110.15340370186698,31.73828125,13,9,8,5
439,2004-07-06T19:22:59.789038Z,-8.929283466428277,110.17886488138096,14.16015625,31,19,19,12
440,2004-07-07T09:49:09.608529Z,-8.205600639184734,108.95925861432568,125.48828125,9,6,6,3
441,2004-07-07T11:44:25.660718Z,-9.03663272750888,111.32536666539059,31.73828125,27,16,14,13
442,2004-07-07T11:45:28.802917Z,-9.048909115093172,111.1979979973017,10.25390625,19,14,5,14
443,2004-07-07T13:50:45.479956Z,-9.000594096278508,111.32528516526156,23.92578125,21,14,10,11
444,2004-07-07T15:32:46.948944Z,-8.471992555939446,111.33684846336922,124.51171875,21,12,10,11
445,2004-07-07T16:17:54.222099Z,-7.76400954759407,110.57348860243249,19.04296875,16,9,9,7
446,2004-07-07T20:25:33.264414Z,-7.4967109015586555,108.88575700408616,208.49609375,9,5,5,4
447,2004-07-07T20:39:53.178863Z,-8.869224298682033,110.81563788771028,33.69140625,22,14,10,12
448,2004-07-07T22:54:18.204439Z,-8.256588154591924,110.66257119833213,82.51953125,28,17,12,16
449,2004-07-08T02:08:44.858710Z,-8.9979306036243,108.87963940663798,126.46484375,29,22,21,8
450,2004-07-08T05:34:49.818815Z,-8.653046564171717,110.30637517393704,40.52734375,17,9,8,9
451,2004-07-08T09:27:25.599081Z,-9.060922323908198,111.1980210487997,31.73828125,11,6,5,6
452,2004-07-08T15:15:17.526346Z,-8.88109491893089,110.95572850180946,31.73828125,31,18,17,14
453,2004-07-08T15:40:30.195287Z,-9.072959506643198,111.18530348941933,31.73828125,14,8,8,6
454,2004-07-08T18:37:39.778947Z,-8.291712437011416,111.37460641485704,0.48828125,21,13,13,8
455,2004-07-08T19:27:47.466112Z,-8.472471039717373,111.06972557383638,1.46484375,66,43,35,31
456,2004-07-08T22:40:40.062586Z,-7.523247870554374,109.86272575075148,15.13671875,17,10,9,8
457,2004-07-09T09:00:11.961622Z,-8.601620093906039,108.88136652968349,64.94140625,25,18,14,11
458,2004-07-09T12:01:49.977872Z,-8.520468983314418,111.10796212020865,88.37890625,32,18,15,17
459,2004-07-09T15:51:13.997444Z,-7.523266236729427,109.8754166951399,11.23046875,11,6,6,5
460,2004-07-09T17:25:53.860294Z,-8.279203903693979,111.57798789332416,114.74609375,10,6,5,5
461,2004-07-09T18:23:59.254795Z,-8.857306472426133,110.34446952668203,32.71484375,14,9,9,5
462,2004-07-09T19:59:07.776870Z,-5.841554230430383,110.49732077899043,0.48828125,16,12,8,8
463,2004-07-09T23:18:02.368810Z,-8.374486563239751,109.16202359823325,62.01171875,14,10,6,8
464,2004-07-10T00:12:08.675936Z,-8.807479369511718,109.33871253038579,31.73828125,9,6,4,5
465,2004-07-10T03:51:11.366997Z,-8.42456376598676,110.95518422475989,98.14453125,16,10,9,7
466,2004-07-10T04:17:26.322980Z,-8.737139517274,110.7136886916356,47.36328125,13,7,7,6
467,2004-07-10T06:01:43.415219Z,-7.83473803509143,109.43047360311645,6.34765625,8,5,4,4
468,2004-07-10T10:30:47.041788Z,-8.268634228998232,110.4972877513927,144.04296875,10,7,6,4
469,2004-07-10T13:40:26.065287Z,-8.797235486178266,110.34449527179622,31.73828125,18,10,10,8
470,2004-07-10T14:34:45.276541Z,-8.713079520271673,110.24269863829934,38.57421875,25,15,11,14
471,2004-07-10T17:24:28.858055Z,-8.953453827855903,110.51001369021668,0.48828125,35,29,27,8
472,2004-07-10T17:30:24.263325Z,-9.133635875560744,110.35709242009672,4.39453125,24,18,16,8
473,2004-07-10T18:09:47.024050Z,-9.085589130461482,110.38259595658126,0.48828125,20,17,15,5
474,2004-07-10T18:20:12.401828Z,-8.641032277953467,110.70090857665049,67.87109375,59,37,33,26
475,2004-07-10T18:56:15.188640Z,-8.785221265935533,110.34450039896629,125.48828125,15,12,10,5
476,2004-07-10T19:07:12.300950Z,-6.994647949146331,109.88882591054266,0.48828125,30,21,17,13
477,2004-07-10T19:14:37.989762Z,-9.241750288497814,110.33155290999869,3.41796875,28,21,15,13
478,2004-07-10T19:54:22.651440Z,-9.085589130461482,110.38259595658126,0.48828125,26,22,22,4
479,2004-07-10T20:19:38.375206Z,-9.097603176125963,110.38259192128456,0.48828125,44,36,28,16
480,2004-07-10T20:28:36.076936Z,-9.073579074342291,110.39534155013826,0.48828125,18,12,12,6
481,2004-07-10T23:01:53.638595Z,-9.061574322339746,110.43356860192699,0.48828125,37,29,28,9
482,2004-07-10T23:14:56.843633Z,-8.941393714609973,110.31895937040586,125.48828125,8,5,4,4
483,2004-07-11T02:18:50.593764Z,-9.145644504059273,110.34434341117318,0.48828125,38,25,22,16
484,2004-07-11T02:28:15.024338Z,-8.845243816079185,110.25533978846879,125.48828125,9,5,5,4
485,2004-07-11T15:07:35.992265Z,-8.905276836178917,110.20435714849594,23.92578125,23,14,14,9
486,2004-07-12T02:27:48.541106Z,-8.88102973216958,111.00666620785026,82.51953125,10,7,4,6
487,2004-07-12T05:21:43.500851Z,-8.424118499598203,111.24771718277714,80.56640625,22,12,11,11
488,2004-07-12T10:10:57.169206Z,-9.069986120219268,108.87931668809615,229.00390625,31,25,24,7
489,2004-07-12T13:16:48.032685Z,-8.965142857736893,110.01324591767136,15.13671875,21,12,11,10
490,2004-07-12T17:41:21.903887Z,-8.85693028880885,111.05756749214967,17.08984375,13,7,6,7
491,2004-07-12T20:52:47.707048Z,-8.881362192997363,110.57368683670785,19.04296875,12,7,6,6
492,2004-07-12T22:17:11.990950Z,-7.462761138159105,109.62172547393801,10.25390625,22,14,13,9
493,2004-07-13T00:27:00.148071Z,-8.880319248233132,111.38868308272012,26.85546875,15,9,7,8
494,2004-07-13T06:42:40.236028Z,-7.210398787575012,109.5841783047804,0.48828125,17,11,9,8
495,2004-07-13T09:22:54.198727Z,-8.759622958284265,111.60478648817832,29.78515625,19,12,8,11
496,2004-07-13T11:36:55.520529Z,-8.280435087411517,110.09041500033017,122.55859375,17,12,12,5
497,2004-07-13T13:26:24.864087Z,-8.316194492030467,111.13307604915731,12.20703125,39,23,22,17
498,2004-07-13T18:23:33.677632Z,-7.210347062520692,109.55881602513249,1.46484375,14,8,7,7
499,2004-07-13T19:23:21.055451Z,-8.280642743138776,110.57357683563852,87.40234375,10,6,5,5
500,2004-07-13T19:50:49.755168Z,-8.43563083385215,111.47667254561736,114.74609375,12,7,7,5
501,2004-07-13T21:04:48.441958Z,-8.172495312823393,110.63711495827319,99.12109375,8,5,4,4
502,2004-07-13T21:18:59.493938Z,-8.688901933457213,110.93003981947815,55.17578125,20,12,8,12
503,2004-07-14T05:14:42.752619Z,-9.15766387049912,110.35708258988767,4.39453125,34,25,19,15
504,2004-07-14T06:04:21.439599Z,-8.88136871204466,110.49727755867887,21.97265625,14,9,7,7
505,2004-07-14T09:37:19.838262Z,-9.142641853640336,111.98816639537738,0.48828125,9,5,4,5
506,2004-07-14T13:40:59.801789Z,-8.940966648248912,109.91138710425734,62.98828125,29,18,17,12
507,2004-07-14T15:44:26.997245Z,-8.953419649422196,110.34442795543802,24.90234375,24,16,14,10
508,2004-07-14T20:17:30.262824Z,-8.434454694755594,109.13638455692573,65.91796875,16,11,8,8
509,2004-07-14T21:54:56.899141Z,-8.821134420533054,110.85379522864379,33.69140625,39,27,23,16
510,2004-07-15T01:38:20.617580Z,-5.685347941008134,110.49732250747029,21.97265625,12,9,9,3
511,2004-07-15T04:56:42.814646Z,-8.809282887336828,110.5227436084494,81.54296875,79,54,39,40
512,2004-07-15T12:00:20.603156Z,-8.376742717488609,110.37010628215165,124.51171875,12,7,6,6
513,2004-07-15T12:06:14.266078Z,-9.097555078006405,110.28065289610245,0.48828125,12,9,8,4
514,2004-07-15T20:27:54.047140Z,-8.28057190443961,110.25570558710449,121.58203125,13,9,7,6
515,2004-07-15T20:58:28.629017Z,-8.592531260868155,111.12080013453742,2.44140625,8,5,5,3
516,2004-07-16T15:21:52.506985Z,-8.436788269825113,110.70080371438065,19.04296875,9,6,4,5
517,2004-07-16T17:14:57.379615Z,-10.886513777557749,111.3300099200143,94.23828125,12,9,6,6
518,2004-07-17T01:20:58.722152Z,-7.379057903108837,111.15704150632259,44.43359375,19,16,16,3
519,2004-07-17T06:25:58.174855Z,-8.797245385897682,110.63733082381053,94.23828125,22,13,10,12
520,2004-07-17T17:57:30.989035Z,-8.88109491893089,110.95572850180946,31.73828125,42,24,24,18
521,2004-07-17T18:37:05.629389Z,-8.520882336534978,110.7135692036472,24.90234375,14,9,7,7
522,2004-07-17T18:51:52.704440Z,-9.013512191020949,110.40809896059913,21.97265625,16,11,7,9
523,2004-07-17T20:19:49.850243Z,-8.470952475202067,111.73113696621125,116.69921875,43,26,24,19
524,2004-07-18T03:30:18.075858Z,-8.653046564171717,110.30637517393704,63.96484375,13,7,7,6
525,2004-07-18T04:56:45.017752Z,-8.629066100325858,110.5481870650757,62.98828125,21,11,10,11
526,2004-07-18T07:26:38.326039Z,-8.809183753275903,110.77739065373682,95.21484375,25,16,12,13
527,2004-07-18T08:08:21.098964Z,-8.232528858461157,110.72612796485473,141.11328125,8,5,5,3
528,2004-07-18T11:42:15.633546Z,-9.060969779655844,111.17254057545854,17.08984375,15,10,7,8
529,2004-07-18T16:17:30.864473Z,-7.655284328127261,111.22092817702645,0.48828125,13,7,7,6
530,2004-07-18T17:22:30.666159Z,-8.532909624272166,110.68812970427479,28.80859375,16,8,8,8
531,2004-07-19T14:01:49.867041Z,-8.833160108199593,110.84107356319797,31.73828125,8,5,4,4
532,2004-07-19T18:19:59.403030Z,-9.12162186618697,110.6501926748947,31.73828125,19,14,12,7
533,2004-07-20T02:46:03.863099Z,-8.975129327085135,111.8219306264042,7.32421875,28,22,12,16
534,2004-07-20T10:03:49.179879Z,-8.364547873233938,110.90424589217551,21.97265625,16,8,8,8
535,2004-07-20T16:35:58.625485Z,-9.14501456310041,111.19818330167111,16.11328125,16,9,9,7
536,2004-07-20T18:03:21.648608Z,-8.410343367149565,109.11103816013838,47.36328125,14,9,7,7
537,2004-07-21T11:41:25.871743Z,-6.728560042070206,111.95419500490301,248.53515625,9,5,5,4
538,2004-07-21T12:08:29.539690Z,-9.502883083510234,112.00244280280825,213.37890625,10,7,5,5
539,2004-07-21T13:13:01.278472Z,-9.586375224900522,112.13036477844382,187.98828125,15,12,12,3
540,2004-07-21T13:37:42.337894Z,-7.438682688230022,109.59639806827637,14.16015625,11,6,6,5
541,2004-07-21T15:03:02.397178Z,-9.337893392229796,110.42076315624274,39.55078125,11,8,6,5
542,2004-07-21T17:59:17.941414Z,-9.30185850058411,110.45902088043772,14.16015625,14,9,7,7
543,2004-07-21T19:34:03.011904Z,-8.280640314366655,110.42099829351613,98.14453125,9,5,5,4
544,2004-07-21T22:20:38.159161Z,-10.250686474305603,110.10089085729248,85.44921875,13,10,9,4
545,2004-07-22T16:38:18.878834Z,-7.08890386006596,109.05199624121306,15.13671875,45,31,27,18
546,2004-07-22T17:22:41.023751Z,-8.712929911849754,110.93006700745364,93.26171875,10,7,5,5
547,2004-07-22T19:31:02.031409Z,-8.890480920133918,111.97440541628386,11.23046875,13,10,7,6
548,2004-07-23T17:57:30.154332Z,-8.976568302616649,111.32523102022293,4.39453125,9,6,5,4
549,2004-07-23T21:46:52.098364Z,-8.92940975524128,110.39538442938783,6.34765625,76,50,46,30
550,2004-07-23T21:52:48.040593Z,-8.26768606477025,109.63273638812188,104.00390625,9,5,4,5
551,2004-07-24T15:12:39.168725Z,-8.917208385108053,110.8920938661843,22.94921875,8,5,5,3
552,2004-07-24T16:19:52.999090Z,-8.784544334429423,109.7715993761108,28.80859375,17,12,9,8
553,2004-07-24T21:21:49.997882Z,-8.42270181671998,109.21272294650018,31.73828125,36,24,22,14
554,2004-07-24T23:53:53.387694Z,-8.965336353144552,110.19157051978698,54.19921875,31,19,15,16
555,2004-07-25T03:45:19.139272Z,-9.084972731865703,111.18532618061268,14.16015625,17,11,9,8
556,2004-07-25T04:20:16.885232Z,-8.976568302616649,111.32523102022293,31.73828125,27,16,14,13
557,2004-07-25T04:52:23.382922Z,-8.773174846000815,110.28085000956428,39.55078125,34,19,17,17
558,2004-07-25T14:00:27.471828Z,-8.279401795287194,111.5017114195405,118.65234375,19,11,9,10
559,2004-07-25T14:37:00.892482Z,-7.1865409062076395,109.67299141261803,59.08203125,22,19,18,4
560,2004-07-25T17:32:04.734914Z,-8.38877935383814,110.48456743728906,49.31640625,45,29,27,18
561,2004-07-25T20:11:22.617131Z,-8.016167242411694,110.86577895677523,137.20703125,18,11,8,10
562,2004-07-25T21:12:11.543554Z,-8.411409167557554,111.552915243264,124.51171875,73,48,40,33
563,2004-07-26T04:44:06.575235Z,-7.7879213544271035,110.179807921951,8.30078125,10,7,7,3
564,2004-07-26T07:21:48.863111Z,-9.072959506643198,111.18530348941933,5.37109375,13,9,5,8
565,2004-07-26T08:21:57.589333Z,-8.351778239622254,109.63255088378958,62.01171875,35,21,19,16
566,2004-07-26T19:18:10.327944Z,-8.773195448890885,110.3190432863365,0.48828125,63,48,40,23
567,2004-07-26T21:31:31.384196Z,-8.749178559403035,110.66277426320839,31.73828125,31,18,17,14
568,2004-07-26T22:14:07.507875Z,-9.722200922407389,110.19089588790959,125.48828125,13,9,9,4
569,2004-07-26T22:38:36.196242Z,-8.70108192565444,110.26816417714201,93.26171875,11,6,6,5
570,2004-07-26T23:36:50.199920Z,-8.653046564171717,110.30637517393704,62.98828125,30,18,15,15
571,2004-07-27T11:08:05.314644Z,-7.643270328253318,111.22090810940531,0.48828125,12,6,6,6
572,2004-07-27T13:17:40.345168Z,-8.893382917368967,110.49727735125897,79.58984375,10,5,5,5
573,2004-07-29T10:22:35.724504Z,-8.280617241090715,110.3447091787532,124.51171875,34,21,19,15
574,2004-07-29T11:02:56.964496Z,-8.328637460326503,110.26839174131605,21.97265625,20,11,11,9
575,2004-07-29T12:57:15.866005Z,-8.929396645537311,110.35717489081689,17.08984375,61,41,33,28
576,2004-07-29T17:08:15.164910Z,-8.737139517274,110.2936013083644,42.48046875,15,9,8,7
577,2004-07-29T21:29:57.262390Z,-8.785041601981547,110.90468655344694,94.23828125,38,22,21,17
578,2004-07-29T22:50:24.676140Z,-8.004117542642033,110.90388598163075,122.55859375,49,30,27,22
579,2004-07-30T02:05:48.240072Z,-8.316637235158128,110.2938307962258,26.85546875,23,12,11,12
580,2004-07-30T10:42:56.443147Z,-8.303859563933443,111.3110616120626,136.23046875,16,11,6,10
581,2004-07-30T13:55:34.261494Z,-7.992271007879869,110.64976150305013,12.20703125,12,6,6,6
582,2004-07-30T14:10:56.518739Z,-8.398882186868395,111.73090948951317,124.51171875,25,14,12,13
583,2004-07-30T15:30:17.462951Z,-7.88396036163702,110.91647179696513,119.62890625,21,13,8,13
584,2004-07-30T18:39:38.329629Z,-8.340644160857108,110.25566786054137,27.83203125,24,14,12,12
585,2004-07-31T00:59:41.567200Z,-9.10962479508923,110.59921643781756,12.20703125,15,10,6,9
586,2004-07-31T13:36:41.401945Z,-8.229813336551064,109.01000072285916,125.48828125,46,29,26,20
587,2004-07-31T14:13:00.774433Z,-8.495877667838466,111.40050236315396,16.11328125,20,13,9,11
588,2004-07-31T14:36:14.472964Z,-8.076026524970642,111.05645214428479,140.13671875,15,10,6,9
589,2004-07-31T18:55:48.271397Z,-8.436311816330832,111.14598828195477,20.01953125,10,5,5,5
590,2004-07-31T21:09:55.440922Z,-8.832646243646646,109.79696923790259,62.98828125,22,14,12,10
591,2004-08-01T00:23:48.371095Z,-8.92942548692843,110.49727672724899,62.01171875,15,9,7,8
592,2004-08-01T05:58:12.587725Z,-8.844397748441315,111.33766818720304,11.23046875,29,18,14,15
593,2004-08-01T07:34:43.100628Z,-8.266385361935885,111.84489861627397,168.45703125,8,5,4,4
594,2004-08-01T13:19:15.233490Z,-7.642964650090393,111.38592998858192,4.39453125,29,19,15,14
595,2004-08-01T13:21:16.426989Z,-7.618963272568251,111.37318770762873,1.46484375,8,4,4,4
596,2004-08-01T14:01:00.327446Z,-7.631002179747009,111.36051852552232,1.46484375,13,8,8,5
597,2004-08-01T14:17:00.390888Z,-7.643015781649571,111.36054246000253,0.48828125,39,26,25,14
598,2004-08-01T14:20:58.954401Z,-7.631027146143151,111.34782505074772,0.48828125,20,12,11,9
599,2004-08-01T20:33:08.748938Z,-8.689042197146696,110.77730290570679,101.07421875,21,12,12,9
600,2004-08-02T01:12:55.224380Z,-9.130201072032584,112.0900286250476,216.30859375,19,16,16,3
601,2004-08-02T01:56:44.330799Z,-9.313839585132728,110.34426789859468,88.37890625,12,9,8,4
602,2004-08-02T07:29:44.532191Z,-7.126622119245331,109.76185519653659,0.48828125,9,5,5,4
603,2004-08-02T10:32:31.624760Z,-9.061580975788448,110.49727441673268,237.79296875,13,10,9,4
604,2004-08-02T14:07:53.802145Z,-9.145618534912828,110.29336711024686,23.92578125,11,7,5,6
605,2004-08-02T16:20:51.238409Z,-8.700956787300534,110.89186820762167,55.17578125,22,12,11,11
606,2004-08-02T17:34:06.993215Z,-6.6704727510264075,110.90269598146503,8.30078125,8,5,5,3
607,2004-08-02T18:47:41.854102Z,-8.361427759296959,112.12491600081165,195.80078125,17,13,10,7
608,2004-08-03T02:51:39.500423Z,-8.519719865812132,111.4768840491329,90.33203125,21,13,10,11
609,2004-08-03T04:00:26.926510Z,-8.292449351974554,110.09040246279163,75.68359375,53,30,26,27
610,2004-08-03T04:38:48.153206Z,-8.350835178297734,109.2765310431964,62.01171875,36,21,20,16
611,2004-08-03T16:30:29.357750Z,-8.688598466761393,111.14641150976145,59.08203125,56,43,37,19
612,2004-08-03T16:50:56.016363Z,-8.688901933457213,110.93003981947815,51.26953125,17,9,9,8
613,2004-08-03T17:54:47.912467Z,-8.55693834179541,110.6881412534977,19.04296875,73,45,41,32
614,2004-08-04T02:31:56.468250Z,-8.532882082506857,110.73902177387703,34.66796875,16,8,8,8
615,2004-08-04T03:06:11.364296Z,-8.653091006853922,110.43364590506168,34.66796875,13,9,7,6
616,2004-08-04T07:46:09.314430Z,-8.917258132453918,110.16613959441355,16.11328125,14,9,7,7
617,2004-08-04T11:58:24.060734Z,-6.946982971535197,110.43392900205656,0.48828125,10,6,6,4
618,2004-08-04T15:10:40.082335Z,-8.90519447292172,110.11520882152882,20.01953125,25,17,11,14
619,2004-08-04T16:48:56.243769Z,-8.796481440426735,111.27390681002804,65.91796875,8,4,4,4
620,2004-08-04T19:02:33.315427Z,-7.511338126076122,109.9388874029071,54.19921875,9,5,4,5
621,2004-08-04T19:29:29.602502Z,-8.94124931336433,110.12790737576896,22.94921875,9,6,5,4
622,2004-08-04T20:08:18.362083Z,-8.84512479584774,110.11527199323218,73.73046875,9,6,6,3
623,2004-08-04T20:28:29.321018Z,-8.929222289527946,110.11518342830513,30.76171875,10,6,6,4
624,2004-08-04T21:38:16.925011Z,-9.03746872619009,110.75208045907621,63.96484375,9,6,4,5
625,2004-08-05T05:24:33.147371Z,-8.352693301247845,110.31924584216138,36.62109375,21,11,11,10
626,2004-08-05T20:21:19.082734Z,-8.40079427749022,110.49728561682217,46.38671875,15,8,8,7
627,2004-08-06T00:30:12.819333Z,-8.76058975198917,111.1974543062121,62.01171875,36,20,19,17
628,2004-08-06T06:39:09.225172Z,-8.881316559889797,110.30625472090618,0.48828125,121,85,80,41
629,2004-08-06T10:01:07.035939Z,-8.89329152604812,110.24257233187745,27.83203125,17,10,10,7
630,2004-08-06T12:09:27.110071Z,-8.400184350190939,111.1968003890603,124.51171875,32,17,16,16
631,2004-08-06T12:34:55.688587Z,-9.562357474831504,112.13025047855557,198.73046875,24,19,17,7
632,2004-08-06T14:15:20.622783Z,-8.316253034322195,111.09493014903138,8.30078125,8,5,3,5
633,2004-08-06T15:46:29.542467Z,-6.956456770019437,112.05625616416417,1.46484375,13,8,6,7
634,2004-08-06T19:19:59.656903Z,-8.881012349168032,111.01940057197862,16.11328125,12,8,8,4
635,2004-08-07T22:46:20.324284Z,-8.964840123798739,111.18510067572488,5.37109375,32,18,17,15
636,2004-08-08T02:22:32.711897Z,-6.680001427249201,112.1186858492987,248.53515625,23,20,17,6
637,2004-08-08T07:23:17.575335Z,-8.267629891928538,111.39997950009388,98.14453125,10,6,6,4
638,2004-08-08T12:35:04.737127Z,-8.916876747967276,111.13407027426175,31.73828125,16,10,9,7
639,2004-08-09T13:25:00.634206Z,-9.755921602962829,109.20793877362772,125.48828125,26,20,17,9
640,2004-08-09T16:59:24.000687Z,-8.821278147042918,110.38268332898173,31.73828125,11,6,6,5
641,2004-08-09T18:54:11.302547Z,-7.2947119113091015,109.69816130412529,16.11328125,10,5,5,5
642,2004-08-09T21:48:27.042474Z,-8.364680782803067,110.26837016973828,33.69140625,8,4,4,4
643,2004-08-10T17:10:23.849446Z,-8.472824856695999,110.71354307253617,15.13671875,9,5,4,5
644,2004-08-10T19:16:02.699038Z,-7.222957710075419,109.91388729578267,0.48828125,8,4,4,4
645,2004-08-10T19:16:52.914038Z,-7.222957710075419,109.91388729578267,0.48828125,8,4,4,4
646,2004-08-10T19:19:21.752788Z,-7.222957710075419,109.91388729578267,0.48828125,8,4,4,4
647,2004-08-10T19:21:43.826538Z,-7.222957710075419,109.91388729578267,0.48828125,8,4,4,4
648,2004-08-10T21:57:43.892456Z,-8.773174846000815,110.28085000956428,137.20703125,12,6,6,6
649,2004-08-11T05:06:28.220414Z,-8.974023123785784,108.90521243740577,156.73828125,22,16,13,9
650,2004-08-11T12:50:33.324393Z,-8.411375035428504,111.56563218236623,122.55859375,70,52,36,34
651,2004-08-11T16:21:13.932731Z,-8.82067995970603,111.18483419255277,31.73828125,10,6,6,4
652,2004-08-12T02:29:49.282399Z,-8.290364951335574,109.14959842599681,93.26171875,8,5,4,4
653,2004-08-12T03:30:23.667536Z,-8.640283791431479,111.28631250838782,68.84765625,10,5,5,5
654,2004-08-12T08:20:34.801724Z,-7.270728365276673,109.723570775668,7.32421875,8,4,4,4
655,2004-08-12T15:46:45.823461Z,-9.097610747164921,110.59921324766533,3.41796875,39,29,26,13
656,2004-08-12T18:01:08.878486Z,-8.737158751958143,110.33179093947543,40.52734375,16,10,9,7
657,2004-08-12T19:28:15.981710Z,-8.893348971838334,110.662836007839,0.48828125,24,16,12,12
658,2004-08-12T22:59:39.819489Z,-8.857311673308088,110.35720353474146,26.85546875,18,12,11,7
659,2004-08-13T02:46:58.184558Z,-8.952895169220605,109.86042121221585,40.52734375,19,12,10,9
660,2004-08-13T02:56:38.399790Z,-8.86877903768646,109.84783462946032,10.25390625,30,21,12,18
661,2004-08-13T16:17:10.753701Z,-7.655459288240603,111.10667541033646,31.73828125,8,5,5,3
662,2004-08-13T16:39:50.267576Z,-7.328567293943172,108.88637070373055,138.18359375,8,5,4,4
663,2004-08-13T21:56:43.945911Z,-7.1622666381449935,109.54623554843427,16.11328125,11,7,5,6
664,2004-08-13T22:13:39.635584Z,-9.049002127451212,111.14703860567423,0.48828125,16,12,8,8
665,2004-08-14T08:08:27.343210Z,-8.916876747967276,111.13407027426175,20.01953125,13,7,6,7
666,2004-08-14T12:03:46.620684Z,-9.238114508462965,112.12873675705079,0.48828125,21,14,10,11
667,2004-08-14T19:13:53.932767Z,-8.424165866498058,111.22228021301119,106.93359375,8,4,4,4
668,2004-08-14T19:41:48.974445Z,-8.711822260848207,111.5155571654933,69.82421875,11,7,5,6
669,2004-08-14T19:45:50.576166Z,-8.725075353483243,110.217231515077,38.57421875,29,17,14,15
670,2004-08-15T10:40:53.942017Z,-6.742682018220849,110.71270368085575,3.41796875,18,10,10,8
671,2004-08-15T16:43:50.234369Z,-8.460058787027359,109.70862559959383,47.36328125,32,19,17,15
672,2004-08-15T17:31:33.838114Z,-8.857220658609393,110.80289388486223,76.66015625,29,18,15,14
673,2004-08-15T17:38:14.960959Z,-8.697696161276719,108.88095525367272,31.73828125,42,33,30,12
674,2004-08-15T21:27:01.066229Z,-8.568849594591057,110.84083698206493,66.89453125,16,8,8,8
675,2004-08-16T10:44:54.786138Z,-8.075446817272093,109.6204462232142,88.37890625,29,19,14,15
676,2004-08-16T12:01:33.832916Z,-7.354613187591705,109.6092550983277,0.48828125,8,4,4,4
677,2004-08-16T15:25:53.060935Z,-9.217733718488251,110.3570578965274,62.98828125,14,10,6,8
678,2004-08-16T17:19:20.125813Z,-7.283108521368476,109.97723038968338,14.16015625,16,9,9,7
679,2004-08-17T23:02:45.358688Z,-8.988794121008706,111.22335849254561,25.87890625,13,8,7,6
680,2004-08-18T09:04:16.433485Z,-8.905286859307534,110.21709268990892,31.73828125,39,23,20,19
681,2004-08-18T12:18:40.962974Z,-9.529972749012904,110.17831471775376,39.55078125,10,6,6,4
682,2004-08-18T14:18:08.541774Z,-8.592928407048092,110.23005639201133,62.98828125,21,11,11,10
683,2004-08-18T15:36:42.194963Z,-8.87962840983343,111.64333956023634,55.17578125,36,23,22,14
684,2004-08-18T17:26:16.119707Z,-8.471880709085516,111.38772708518462,124.51171875,17,11,10,7
685,2004-08-18T18:28:16.876212Z,-8.30336274280398,111.5271992612959,124.51171875,30,18,15,15
686,2004-08-19T06:33:31.194509Z,-8.568097819459418,109.67023349758105,40.52734375,89,61,57,32
687,2004-08-19T07:05:08.677170Z,-8.460032726328919,109.69590614874305,63.96484375,9,6,5,4
688,2004-08-19T11:45:01.255866Z,-8.292631773522938,110.34470435644391,56.15234375,27,14,14,13
689,2004-08-19T13:06:49.922106Z,-8.266031455241906,109.06070625564928,72.75390625,20,12,10,10
690,2004-08-19T14:44:31.077263Z,-7.174776962949685,109.82518194305462,36.62109375,16,12,7,9
691,2004-08-19T15:50:34.251034Z,-8.580165074236405,109.69565403758075,62.98828125,19,12,10,9
692,2004-08-19T17:00:07.022695Z,-7.784953968236481,108.88467161192156,203.61328125,39,28,28,11
693,2004-08-19T18:07:52.127299Z,-8.86871003858856,111.19765604460696,27.83203125,16,9,7,9
694,2004-08-19T19:21:01.379543Z,-8.316615280027632,110.2556829850395,30.76171875,35,21,18,17
695,2004-08-19T20:17:04.365821Z,-8.266031455241906,109.06070625564928,70.80078125,8,5,4,4
696,2004-08-19T21:35:24.578259Z,-9.037546140002906,110.57371674812508,62.98828125,15,9,8,7
697,2004-08-20T06:20:29.470806Z,-8.520889003796391,110.70084657796976,35.64453125,10,5,5,5
698,2004-08-20T15:53:21.974517Z,-8.289721123909136,112.03564726200636,0.48828125,27,18,13,14
699,2004-08-20T17:12:10.172447Z,-8.280211249925589,109.91241374423744,92.28515625,15,10,10,5
700,2004-08-20T18:30:31.013125Z,-8.773174846000815,110.28085000956428,35.64453125,26,13,13,13
701,2004-08-20T18:45:22.088990Z,-8.881079274035383,110.96846296445268,29.78515625,34,18,18,16
702,2004-08-20T21:51:19.748220Z,-8.31669252998891,110.49728697923928,91.30859375,35,22,18,17
703,2004-08-20T22:43:03.412140Z,-8.87981740388308,109.42761258686294,31.73828125,15,10,9,6
704,2004-08-21T02:24:06.270459Z,-8.736864255309424,110.00081861763229,32.71484375,10,5,5,5
705,2004-08-21T10:18:25.335784Z,-8.088074258493936,109.97623792056108,100.09765625,18,10,8,10
706,2004-08-21T13:47:21.539859Z,-8.279699254537459,111.37457999354758,1.46484375,32,20,20,12
707,2004-08-21T16:23:45.810601Z,-8.26621163745781,109.11154825661637,141.11328125,30,20,20,10
708,2004-08-21T18:33:53.689586Z,-7.643291230067965,111.20821384839842,0.48828125,13,10,9,4
709,2004-08-21T18:36:31.362661Z,-7.49921933668012,109.86276095812946,31.73828125,8,5,4,4
710,2004-08-21T19:48:31.005158Z,-8.653064341198922,110.6627336824962,96.19140625,14,8,6,8
711,2004-08-21T20:26:09.017873Z,-9.325889083277426,110.51002031048199,62.98828125,12,9,5,7
712,2004-08-21T20:43:39.631840Z,-9.073570635311592,110.63743157132133,8.30078125,19,13,8,11
713,2004-08-21T23:22:29.767091Z,-7.990325064022725,111.78046917622126,174.31640625,36,31,26,10
714,2004-08-22T15:24:49.824780Z,-8.43491736482276,111.73102297612867,116.69921875,11,6,5,6
715,2004-08-22T17:18:22.941144Z,-8.833302737143553,110.42087904022681,22.94921875,36,23,18,18
716,2004-08-22T21:46:09.556281Z,-8.004303317857492,110.42105493135469,20.99609375,30,16,16,14
717,2004-08-22T23:57:27.691625Z,-7.979496001578093,109.69687781792175,168.45703125,14,10,7,7
718,2004-08-23T12:12:47.750076Z,-8.483950565592734,109.64497547717662,54.19921875,16,11,9,7
719,2004-08-23T13:24:18.114764Z,-8.49599149751986,111.34962075571485,89.35546875,14,7,7,7
720,2004-08-23T18:14:42.905838Z,-8.254458396268802,109.18785314832859,65.91796875,13,9,6,7
721,2004-08-24T07:08:28.761645Z,-8.28063059929004,110.3828537086378,122.55859375,102,78,76,26
722,2004-08-24T12:31:29.577256Z,-9.073492463860312,110.7775881121035,13.18359375,31,21,21,10
723,2004-08-25T00:41:35.257750Z,-8.279304669593733,111.53984989225972,124.51171875,8,5,4,4
724,2004-08-25T12:52:49.097287Z,-8.881349154926719,110.38266370726203,25.87890625,20,15,10,10
725,2004-08-25T20:14:25.573777Z,-8.217310900226886,108.88296430122533,135.25390625,10,6,6,4
726,2004-08-25T20:24:27.543515Z,-8.785189029128995,110.72644715823512,62.98828125,11,6,5,6
727,2004-08-25T20:36:04.617732Z,-8.639644852916799,111.55353796573439,78.61328125,12,7,6,6
728,2004-08-25T22:57:29.254141Z,-8.280586881680374,110.2811351316547,30.76171875,14,7,7,7
729,2004-08-26T09:32:29.609440Z,-8.821122335599146,110.86652779195897,29.78515625,14,8,7,7
730,2004-08-26T17:30:07.502911Z,-7.8120399884086,110.67509861734266,44.43359375,10,5,5,5
731,2004-08-26T18:01:30.324461Z,-9.361249941758414,111.19860770447659,146.97265625,61,50,47,14
732,2004-08-26T22:57:40.054073Z,-9.252711235909896,111.38959555438804,66.89453125,17,10,7,10
733,2004-08-27T05:46:35.411181Z,-8.881079274035383,110.96846296445268,28.80859375,29,15,15,14
734,2004-08-27T18:02:08.104739Z,-7.88103409436861,108.88430043753073,172.36328125,24,21,19,5
735,2004-08-27T18:21:02.129003Z,-7.450643491752049,111.43629259250945,24.90234375,9,5,5,4
736,2004-08-27T19:37:55.760457Z,-6.730612837455206,110.19323301971036,1.46484375,8,5,4,4
737,2004-08-28T03:47:46.951396Z,-8.640148559775533,111.34993943037288,20.01953125,36,21,19,17
738,2004-08-28T05:01:54.656680Z,-8.280648815074276,110.49728755878849,83.49609375,12,7,5,7
739,2004-08-28T07:11:23.918004Z,-8.568483331429249,111.13348486512216,72.75390625,20,10,10,10
740,2004-08-28T18:59:52.432549Z,-8.78505492613137,110.89195527957641,39.55078125,20,10,10,10
741,2004-08-28T20:03:08.024919Z,-8.28036425167326,110.98044743880833,101.07421875,16,9,9,7
742,2004-08-28T21:31:43.268947Z,-9.034754191808489,111.93677701768036,70.80078125,8,5,4,4
743,2004-08-28T21:34:47.454477Z,-8.280586881680374,110.2811351316547,116.69921875,64,43,41,23
744,2004-08-29T10:35:30.386163Z,-8.809224699727674,110.29356078786051,1.46484375,36,22,21,15
745,2004-08-29T14:51:31.776443Z,-8.409466471075964,112.12511512953986,187.01171875,10,7,6,4
746,2004-08-29T15:24:10.489680Z,-9.145666891353251,110.40806396539558,3.41796875,39,28,23,16
747,2004-08-29T15:49:54.190409Z,-9.133645265667042,110.38257978204834,6.34765625,14,10,7,7
748,2004-08-29T15:50:55.075498Z,-9.061565007525253,110.39534515072774,0.48828125,24,15,14,10
749,2004-08-29T16:26:14.932307Z,-9.238114508462965,112.12873675705079,2.44140625,8,5,3,5
750,2004-08-29T17:17:39.548115Z,-9.145659279663036,110.38257572451788,1.46484375,28,19,16,12
751,2004-08-30T02:35:09.596085Z,-8.737164308657826,110.66276916515777,93.26171875,11,7,5,6
752,2004-08-30T13:41:11.649239Z,-7.27036110458919,109.53332554571418,4.39453125,12,6,6,6
753,2004-08-30T15:06:29.051498Z,-7.499237643545594,109.87545120548384,15.13671875,9,5,4,5
754,2004-08-30T18:48:35.868258Z,-7.282374520097453,109.5332997366725,2.44140625,8,4,4,4
755,2004-08-30T21:20:07.945682Z,-7.941083941410535,108.8840660685609,201.66015625,22,17,16,6
756,2004-08-30T21:42:12.230741Z,-8.91701725487532,111.04492218333674,5.37109375,78,53,46,32
757,2004-08-31T00:27:45.416422Z,-5.709379733295458,110.49732224465023,23.92578125,9,5,5,4
758,2004-08-31T14:07:12.245379Z,-8.881286138035383,110.25531558895594,20.01953125,34,19,17,17
759,2004-08-31T14:29:50.203859Z,-7.0411252322033935,111.86642359472478,5.37109375,42,29,23,19
760,2004-08-31T15:09:04.546508Z,-8.821040763017594,110.94292276157908,31.73828125,10,5,5,5
761,2004-08-31T18:31:28.729901Z,-7.800057568988037,110.54809473180423,21.97265625,10,5,5,5
762,2004-09-01T04:35:06.230143Z,-8.988581203391611,111.32525807390822,21.97265625,15,9,8,7
763,2004-09-01T19:40:49.754561Z,-8.69994174525376,109.54267226267017,20.01953125,31,20,18,13
764,2004-09-01T19:42:43.448417Z,-7.115129023239547,110.24370181998316,248.53515625,47,38,38,9
765,2004-09-01T23:32:36.488459Z,-7.401630337985345,109.19052586027664,243.65234375,31,24,24,7
766,2004-09-02T01:01:52.528018Z,-7.499237643545594,109.87545120548384,16.11328125,8,5,5,3
767,2004-09-02T02:26:52.687912Z,-8.737191237362834,110.57365970739079,30.76171875,9,5,4,5
768,2004-09-02T06:10:32.573451Z,-9.048979538589021,111.15977850440797,8.30078125,17,10,8,9
769,2004-09-02T20:48:13.515822Z,-8.374355156078158,111.88340929940519,116.69921875,21,14,9,12
770,2004-09-03T00:45:04.673894Z,-8.544203165797406,109.73389684741174,39.55078125,51,36,35,16
771,2004-09-03T02:07:55.670778Z,-8.640522568441808,111.15905576534102,102.05078125,26,13,13,13
772,2004-09-03T06:19:19.042260Z,-8.471965215370036,109.65772181623103,60.05859375,11,6,5,6
773,2004-09-03T09:51:03.380249Z,-8.364748261316297,110.45913342168059,86.42578125,9,5,4,5
774,2004-09-03T13:12:28.212480Z,-9.527951015659522,111.734705759863,154.78515625,13,10,4,9
775,2004-09-03T17:18:50.367503Z,-8.915890249125047,111.56704885033399,0.48828125,10,5,5,5
776,2004-09-03T21:01:52.359320Z,-8.749130619669254,110.25540382043754,31.73828125,19,10,10,9
777,2004-09-03T22:27:49.363994Z,-9.060922323908198,111.1980210487997,13.18359375,25,15,12,13
778,2004-09-04T01:36:25.316566Z,-9.060992842411927,111.15980028730337,14.16015625,19,13,8,11
779,2004-09-04T07:17:29.845714Z,-6.718651323414578,110.71269340150579,3.41796875,25,16,14,11
780,2004-09-04T10:01:48.385347Z,-8.266469802310082,109.18781335674163,62.98828125,8,5,3,5
781,2004-09-04T10:43:42.181257Z,-8.664482308626146,111.19727714120972,93.26171875,28,15,15,13
782,2004-09-04T17:29:01.346913Z,-7.726249705090645,111.71618838823275,101.07421875,19,13,13,6
783,2004-09-04T18:38:21.074082Z,-8.376722239664154,110.31923454526407,31.73828125,19,11,9,10
784,2004-09-04T18:50:45.240059Z,-7.2685156880041815,108.88658641637737,156.73828125,10,6,5,5
785,2004-09-04T20:12:27.500590Z,-9.11802296762928,108.87910005246538,248.53515625,20,17,16,4
786,2004-09-04T21:39:53.495303Z,-8.91689812921502,111.12133492380296,24.90234375,26,13,13,13
787,2004-09-04T21:58:21.673421Z,-8.91689812921502,111.12133492380296,22.94921875,24,14,12,12
788,2004-09-04T23:14:42.143132Z,-7.775790832373181,110.05282813144233,15.13671875,10,5,5,5
789,2004-09-05T04:32:18.228208Z,-9.240698711391392,111.38956550989272,2.44140625,32,24,24,8
790,2004-09-05T12:19:05.651912Z,-8.255929114855,109.75989086666435,79.58984375,11,7,7,4
791,2004-09-05T14:57:45.221272Z,-6.730655184248457,110.73803822265997,1.46484375,24,14,13,11
792,2004-09-05T20:59:37.634377Z,-8.975307640766866,111.77099112640708,0.48828125,10,6,5,5
793,2004-09-05T23:32:07.605447Z,-7.595034762931563,111.32236958345065,4.39453125,9,5,4,5
794,2004-09-06T03:27:07.030372Z,-7.739945761781169,110.6877674124687,41.50390625,10,5,5,5
795,2004-09-06T05:14:45.176566Z,-8.6170479378114,110.57363745187345,72.75390625,10,6,4,6
796,2004-09-06T14:03:47.903497Z,-8.519486570218339,111.56592854869648,124.51171875,94,60,54,40
797,2004-09-06T15:26:05.977939Z,-8.55658640153706,109.95016411009966,23.92578125,9,5,5,4
798,2004-09-06T16:50:38.893158Z,-8.266469802310082,109.18781335674163,62.98828125,11,8,4,7
799,2004-09-06T16:52:45.903810Z,-8.544959090188915,110.58634774403046,23.92578125,13,7,7,6
800,2004-09-06T16:57:59.547990Z,-8.26621163745781,109.11154825661637,62.98828125,16,13,9,7
801,2004-09-06T17:33:34.168097Z,-8.242320091607409,109.14976232483072,62.98828125,11,7,5,6
802,2004-09-06T18:33:14.344337Z,-7.641462308367023,109.06288830812828,193.84765625,31,18,15,16
803,2004-09-06T20:53:25.174518Z,-8.25543882680216,111.47622663919933,11.23046875,19,10,9,10
804,2004-09-06T23:16:00.525725Z,-8.194275113851408,109.14992523830445,66.89453125,18,10,9,9
805,2004-09-07T02:24:26.998131Z,-8.364074743740966,109.7724036808629,71.77734375,10,5,5,5
806,2004-09-07T11:55:49.591898Z,-8.267324791561055,111.52710611858024,0.48828125,17,9,8,9
807,2004-09-07T14:44:41.543104Z,-8.280555308090424,110.2302760927234,85.44921875,18,11,11,7
808,2004-09-07T14:57:07.975189Z,-8.508789333944542,110.82806216016432,7.32421875,42,27,21,21
809,2004-09-07T15:08:54.864040Z,-8.254458396268802,109.18785314832859,70.80078125,40,24,21,19
810,2004-09-07T15:25:58.261183Z,-8.821178444454413,110.20442519623943,62.98828125,21,12,11,10
811,2004-09-07T16:50:01.607236Z,-8.91689812921502,111.12133492380296,20.99609375,23,12,12,11
812,2004-09-07T17:14:37.411702Z,-8.484676593335276,110.91709069831165,21.97265625,13,8,7,6
813,2004-09-07T17:30:50.045762Z,-8.304608542364806,110.26840606879482,38.57421875,26,15,14,12
814,2004-09-07T17:31:33.713483Z,-8.53194575067111,109.61942525562846,62.01171875,26,16,16,10
815,2004-09-07T18:23:54.863590Z,-9.097293217910618,110.01306727654274,4.39453125,18,13,11,7
816,2004-09-07T21:32:48.704766Z,-8.544572547754628,109.9501814453596,47.36328125,23,13,13,10
817,2004-09-08T02:43:59.699248Z,-9.56475845839553,111.49245257644492,125.48828125,22,18,15,7
818,2004-09-08T11:35:11.023763Z,-6.694602974175564,110.75068987602627,11.23046875,18,10,10,8
819,2004-09-08T18:34:36.427551Z,-7.859521287478815,109.78601570399815,115.72265625,13,10,8,5
820,2004-09-09T01:39:35.035094Z,-7.655476859389197,111.09398049835646,2.44140625,36,22,19,17
821,2004-09-09T15:18:42.801389Z,-7.809350835439635,108.98614253546631,105.95703125,18,12,10,8
822,2004-09-09T16:27:12.646694Z,-8.892760181832461,109.82232312756712,31.73828125,25,16,14,11
823,2004-09-09T19:21:16.566158Z,-9.025485651373398,110.30617696437997,78.61328125,28,16,13,15
824,2004-09-09T20:45:45.612061Z,-8.267989166619081,109.78529523714437,78.61328125,16,10,7,9
825,2004-09-10T15:49:24.756308Z,-8.90513782168353,110.94302265881852,23.92578125,19,11,9,10
826,2004-09-10T17:22:28.174520Z,-7.619361740863735,111.14470623773978,10.25390625,19,13,8,11
827,2004-09-10T20:22:59.979922Z,-8.541572298650031,112.12566882971065,136.23046875,35,26,16,19
828,2004-09-11T01:18:36.706103Z,-8.785173125710443,110.25537989365185,94.23828125,10,6,5,5
829,2004-09-11T01:43:20.450845Z,-7.559309076923071,109.8753647166657,15.13671875,16,9,9,7
830,2004-09-11T06:39:28.395606Z,-8.892932503883413,111.08309085952116,1.46484375,68,48,39,29
831,2004-09-11T07:41:17.595302Z,-8.099680738176543,111.28523377084862,139.16015625,10,6,5,5
832,2004-09-11T09:53:25.328392Z,-8.280644767116454,110.44642803874446,123.53515625,31,16,15,16
833,2004-09-11T22:41:48.912794Z,-8.496441440455728,111.1079244551989,30.76171875,13,7,7,6
834,2004-09-12T15:17:38.977096Z,-8.375628845035763,111.45109050306088,0.48828125,75,47,44,31
835,2004-09-12T18:21:24.789102Z,-9.11813587149797,108.90457623116455,188.96484375,10,7,4,6
836,2004-09-12T20:18:35.193747Z,-8.496795440105979,110.80260861363024,22.94921875,18,10,9,9
837,2004-09-13T16:54:32.172546Z,-8.472766852224447,110.80259003260385,19.04296875,15,9,7,8
838,2004-09-14T02:58:01.478835Z,-7.28100281884658,109.0260249443585,123.53515625,11,7,6,5
839,2004-09-14T07:56:18.782515Z,-10.583080380040785,112.13537418880894,8.30078125,36,27,13,23
840,2004-09-14T09:11:58.320561Z,-8.60471160306871,110.00099429876421,20.99609375,63,41,33,30
841,2004-09-14T11:58:20.161872Z,-8.929358627577379,110.7265339674314,75.68359375,38,21,17,21
842,2004-09-14T12:49:04.957512Z,-8.664088179339151,111.38817114610336,3.41796875,51,30,29,22
843,2004-09-14T16:33:27.373479Z,-10.284954564763344,111.64803854583646,126.46484375,23,14,13,10
844,2004-09-14T17:32:08.351298Z,-9.085562445094462,110.31888612221067,31.73828125,10,7,4,6
845,2004-09-14T17:38:11.620782Z,-8.603808529318647,111.4770977282821,26.85546875,33,21,20,13
846,2004-09-14T19:31:58.739691Z,-8.280506733728481,110.84058738997322,96.19140625,37,20,18,19
847,2004-09-14T20:00:47.782590Z,-8.4487283198452,110.81529165663946,31.73828125,22,12,11,11
848,2004-09-14T20:42:07.677789Z,-8.603808529318647,111.4770977282821,19.04296875,21,11,11,10
849,2004-09-14T21:08:01.658871Z,-8.267225385428436,111.5652431241272,53.22265625,8,5,4,4
850,2004-09-14T22:07:15.885856Z,-7.920182602393122,110.64973598001276,17.08984375,20,12,12,8
851,2004-09-15T03:27:42.374845Z,-8.929373048151081,110.3062289468361,13.18359375,26,18,16,10
852,2004-09-15T08:36:29.035107Z,-7.511176397454905,109.82467177782819,25.87890625,10,7,7,3
853,2004-09-15T10:46:21.157770Z,-8.784156266270296,109.59337611104685,62.98828125,37,24,18,19
854,2004-09-15T11:01:38.202316Z,-8.725110354150344,110.26814914087103,42.48046875,23,15,10,13
855,2004-09-15T11:58:59.714823Z,-8.280555308090424,110.2302760927234,91.30859375,11,8,5,6
856,2004-09-15T12:15:27.704204Z,-8.820559121994652,109.7587968019753,31.73828125,15,9,9,6
857,2004-09-15T18:45:20.784899Z,-8.951197204036278,111.79637606179486,12.20703125,24,13,12,12
858,2004-09-15T18:49:18.941355Z,-9.024532403289088,111.3635549152198,62.98828125,17,11,9,8
859,2004-09-15T18:52:08.039995Z,-7.35258788982769,108.88628390819252,187.98828125,16,12,10,6
860,2004-09-15T19:32:31.990761Z,-8.266427783953752,109.17510233664726,64.94140625,12,8,7,5
861,2004-09-15T19:33:25.407017Z,-8.339792817088297,111.36199716751074,121.58203125,35,20,18,17
862,2004-09-15T22:24:36.096054Z,-7.71289357692274,112.12234308666909,201.66015625,9,6,6,3
863,2004-09-16T11:37:35.309422Z,-7.617523718367672,111.91894026244017,198.73046875,9,6,4,5
864,2004-09-16T16:22:07.928417Z,-8.280555308090424,110.2302760927234,118.65234375,28,16,15,13
865,2004-09-16T16:28:54.369062Z,-8.91516390795114,111.79624908656275,17.08984375,22,13,12,10
866,2004-09-16T20:31:38.373870Z,-8.796762903798756,111.12113445296445,66.89453125,8,4,4,4
867,2004-09-17T00:40:05.317367Z,-7.448670005565703,112.12135619290807,200.68359375,9,6,4,5
868,2004-09-17T11:46:56.095589Z,-7.307267964195863,110.10405353432314,13.18359375,19,11,11,8
869,2004-09-17T12:15:42.819891Z,-8.616996939402103,110.71362192575188,16.11328125,43,23,23,20
870,2004-09-17T13:12:02.421855Z,-8.03716332194246,108.88368725845912,219.23828125,15,11,7,8
871,2004-09-17T13:58:04.666657Z,-8.280435087411517,110.09041500033017,93.26171875,51,32,28,23
872,2004-09-17T14:56:21.504301Z,-8.339765093768898,111.37471249661259,121.58203125,37,21,21,16
873,2004-09-17T17:11:54.008465Z,-8.941308386130933,110.19159100370085,39.55078125,17,13,8,9
874,2004-09-17T17:18:14.115964Z,-8.953394234830546,110.7138112918603,94.23828125,8,5,3,5
875,2004-09-17T18:09:18.460596Z,-8.267292060053498,111.53981850637507,94.23828125,11,7,4,7
876,2004-09-17T20:47:41.075784Z,-8.653064341198922,110.3445563175038,62.98828125,25,15,11,14
877,2004-09-18T09:12:46.548902Z,-8.411161612050021,111.64193266507748,133.30078125,24,18,13,11
878,2004-09-18T10:02:26.471977Z,-8.64106397796227,110.38274136408033,39.55078125,23,13,11,12
879,2004-09-18T11:17:40.569433Z,-7.727690874357682,110.0147872957996,13.18359375,10,5,5,5
880,2004-09-18T21:51:13.540912Z,-8.43657788223195,110.95519816629054,87.40234375,84,56,51,33
881,2004-09-18T23:47:49.768791Z,-8.917258132453918,110.16613959441355,36.62109375,8,5,4,4
882,2004-09-19T05:37:03.709235Z,-8.91726947840466,110.17887550414417,31.73828125,9,6,4,5
883,2004-09-19T15:15:42.056628Z,-8.579938484714466,111.41342179105541,20.01953125,9,6,5,4
884,2004-09-19T17:22:53.130789Z,-8.30458418357126,110.23025949174304,30.76171875,8,4,4,4
885,2004-09-19T18:41:29.072397Z,-9.048956506904839,111.17251836969004,0.48828125,43,33,31,12
886,2004-09-19T22:40:19.906089Z,-8.412128874640267,111.23497617030853,114.74609375,15,9,6,9
887,2004-09-19T23:11:09.088320Z,-6.729985565945316,111.34616502821612,31.73828125,9,5,4,5
888,2004-09-20T00:13:16.202176Z,-8.484790692827113,110.78987796726567,26.85546875,11,7,4,7
889,2004-09-20T04:42:08.409022Z,-8.267629891928538,111.39997950009388,123.53515625,31,20,15,16
890,2004-09-20T12:07:20.605460Z,-8.689121256526601,110.3827260096945,43.45703125,10,6,5,5
891,2004-09-20T13:14:33.279907Z,-9.238114508462965,112.12873675705079,1.46484375,9,6,4,5
892,2004-09-20T13:34:24.869453Z,-8.869049401270965,110.98118186972351,28.80859375,31,17,16,15
893,2004-09-20T14:05:10.707227Z,-8.544476439026699,111.12072265571585,95.21484375,9,5,5,4
894,2004-09-20T15:02:10.395487Z,-8.472776381485039,110.7898690786046,20.01953125,37,20,19,18
895,2004-09-20T16:42:12.391810Z,-8.38870962802483,110.26835573509467,14.16015625,55,34,31,24
896,2004-09-20T18:20:17.406770Z,-8.845325616987228,110.52274546210916,32.71484375,37,22,17,20
897,2004-09-20T19:38:46.312543Z,-8.268118899870275,111.14571330706742,141.11328125,11,7,7,4
898,2004-09-20T19:50:38.177158Z,-8.43679445782791,110.31920615595324,43.45703125,38,21,20,18
899,2004-09-20T23:54:11.781117Z,-8.917402140538789,110.42086019157858,38.57421875,20,15,6,14
900,2004-09-21T03:47:46.601001Z,-8.316375406192305,111.00592203157541,13.18359375,19,10,10,9
901,2004-09-21T19:52:09.848699Z,-8.721715099699303,112.12643830648757,87.40234375,11,7,6,5
902,2004-09-22T04:55:11.729984Z,-8.965289843408206,110.14062023766199,62.98828125,35,27,13,22
903,2004-09-22T06:11:25.440388Z,-8.399744509047716,109.5942924442802,62.98828125,31,18,16,15
904,2004-09-22T06:48:47.849597Z,-8.904819278608402,111.15951945625531,20.01953125,20,13,9,11
905,2004-09-22T10:16:15.553407Z,-8.496839068525471,110.73899975173249,24.90234375,17,9,8,9
906,2004-09-22T15:55:42.893960Z,-8.784902345142429,111.01926702303878,47.36328125,21,12,11,10
907,2004-09-22T16:41:12.252959Z,-8.315206694450124,111.59079952556263,105.95703125,19,13,7,12
908,2004-09-23T13:04:37.475758Z,-7.535280523415232,109.87539939738011,12.20703125,13,8,8,5
909,2004-09-23T13:08:46.022497Z,-7.49921933668012,109.86276095812946,31.73828125,21,13,12,9
910,2004-09-23T13:29:08.303834Z,-7.475209024014182,109.87548560228574,19.04296875,8,4,4,4
911,2004-09-23T13:51:47.137990Z,-8.833136337082413,110.86653953140957,32.71484375,18,11,8,10
912,2004-09-23T19:29:50.577278Z,-9.994671619867303,108.87493611371389,7.32421875,39,31,20,19
913,2004-09-23T20:44:16.650556Z,-8.941044532814393,111.04495761565444,31.73828125,43,26,23,20
914,2004-09-23T21:03:17.351147Z,-8.42358637328907,109.51792985156837,46.38671875,31,18,16,15
915,2004-09-23T21:31:15.509329Z,-8.232364677845643,110.92953803264231,16.11328125,16,9,8,8
916,2004-09-24T03:16:00.091782Z,-7.811179551098659,111.37358042446388,0.48828125,29,17,16,13
917,2004-09-24T03:44:21.740461Z,-8.892805872742679,111.15949806431213,28.80859375,29,16,14,15
918,2004-09-24T04:44:52.207478Z,-8.98942104508543,110.73930910390096,62.98828125,29,18,13,16
919,2004-09-24T06:15:19.327848Z,-7.535262127583041,109.8627081036145,15.13671875,11,7,6,5
920,2004-09-24T14:56:29.597796Z,-8.025398458157392,112.06004560366097,130.37109375,9,5,5,4
921,2004-09-24T16:48:35.372311Z,-9.034125505498757,108.91768388287132,156.73828125,26,21,14,12
922,2004-09-24T19:21:26.184609Z,-8.327577297962804,111.4509746158849,106.93359375,21,13,11,10
923,2004-09-25T12:26:01.577144Z,-8.845313931065965,110.40814273318448,37.59765625,15,8,8,7
924,2004-09-25T13:18:40.189334Z,-8.124416946072841,110.68793851171975,134.27734375,32,19,17,15
925,2004-09-25T16:04:17.259553Z,-7.304546671449576,108.88645720752784,189.94140625,15,11,10,5
926,2004-09-25T16:12:17.613334Z,-8.541572298650031,108.88162117028936,148.92578125,12,9,7,5
927,2004-09-25T16:12:21.794779Z,-7.857014105478788,108.88439367128677,227.05078125,15,12,8,7
928,2004-09-25T20:00:26.410581Z,-9.01304765654157,111.09601984692294,14.16015625,26,19,18,8
929,2004-09-25T20:53:44.576865Z,-8.797269059215107,110.49727900245504,88.37890625,13,9,5,8
930,2004-09-25T22:56:50.974664Z,-8.280593763130458,110.29384992113526,99.12109375,16,10,9,7
931,2004-09-26T08:22:54.771961Z,-8.917406940875106,110.44633242962381,31.73828125,44,26,22,22
932,2004-09-26T12:18:44.763332Z,-8.953378898497261,110.73928585387547,39.55078125,11,8,5,6
933,2004-09-26T17:41:04.793577Z,-8.268585725151102,110.30657069190002,24.90234375,9,5,4,5
934,2004-09-26T18:39:10.158442Z,-7.112380743836803,108.88713874437451,205.56640625,16,11,9,7
935,2004-09-26T19:18:14.395203Z,-7.943723067471574,111.15790264455288,95.21484375,24,21,21,3
936,2004-09-27T04:06:35.048358Z,-8.531010841571906,111.73132806911946,114.74609375,16,9,8,8
937,2004-09-27T15:59:30.382238Z,-8.628244389217484,109.70827718426047,36.62109375,77,56,53,24
938,2004-09-27T17:48:33.090920Z,-8.471471453434877,111.5530774420133,114.74609375,18,10,9,9
939,2004-09-27T18:04:53.323296Z,-7.965153242479131,112.11061830393734,0.48828125,18,13,11,7
940,2004-09-27T18:40:26.421739Z,-8.735408684860648,109.338937159688,38.57421875,18,13,12,6
941,2004-09-27T19:43:14.420030Z,-8.338783868749331,111.74343525290901,124.51171875,33,18,16,17
942,2004-09-28T01:17:06.869389Z,-9.013495426498798,110.6501488324991,17.08984375,12,9,6,6
943,2004-09-28T02:28:05.786413Z,-8.832693349422726,111.18485622789684,33.69140625,36,19,19,17
944,2004-09-28T12:10:45.827647Z,-8.820790010738532,111.12117432095519,31.73828125,11,7,5,6
945,2004-09-28T15:53:39.745170Z,-8.54380832425732,111.45150154932254,82.51953125,39,21,19,20
946,2004-09-28T19:56:58.063927Z,-8.400042660476716,111.27310659269428,99.12109375,22,12,11,11
947,2004-09-29T00:22:29.600871Z,-7.306260475560127,109.46983016927418,2.44140625,9,6,6,3
948,2004-09-29T01:46:31.043789Z,-8.553581873195139,108.881570390194,14.16015625,10,7,5,5
949,2004-09-29T06:40:02.142207Z,-8.70067459855937,111.10824812572004,60.05859375,27,16,14,13
950,2004-09-29T13:03:22.573949Z,-9.142098168510557,112.1155598124487,0.48828125,8,5,4,4
951,2004-09-29T15:33:26.719591Z,-8.819864358736261,111.541311174623,31.73828125,35,19,18,17
952,2004-09-29T17:10:52.933382Z,-8.28031689348591,111.0185906180119,114.74609375,31,18,17,14
953,2004-09-29T17:26:54.919882Z,-9.973234761057208,109.53917716893194,94.23828125,15,11,7,8
954,2004-09-29T17:39:28.465621Z,-8.061183094479707,108.88359182084096,235.83984375,24,20,20,4
955,2004-09-29T19:29:34.961112Z,-10.018688735036923,112.13247360508184,0.48828125,17,11,9,8
956,2004-09-30T09:17:21.555890Z,-8.737164308657826,110.66276916515777,39.55078125,42,24,21,21
957,2004-09-30T11:01:10.950307Z,-7.535280523415232,109.87539939738011,15.13671875,21,12,12,9
958,2004-09-30T15:29:33.168176Z,-8.448660155019539,110.89161220561708,78.61328125,8,5,5,3
959,2004-09-30T20:38:13.538772Z,-8.844971155499174,111.0193503140743,96.19140625,44,23,21,23
960,2004-09-30T22:33:20.167500Z,-8.051526491011732,111.33596684580102,4.39453125,16,8,8,8
961,2004-10-01T04:06:33.603705Z,-8.316623004969937,110.26839891041168,19.04296875,21,12,11,10
962,2004-10-01T05:15:31.025813Z,-7.859521287478815,109.78601570399815,113.76953125,15,9,9,6
963,2004-10-01T06:59:18.977771Z,-8.749183695829068,110.3572460480845,39.55078125,11,7,4,7
964,2004-10-01T10:39:15.457980Z,-7.210347062520692,109.55881602513249,8.30078125,11,6,6,5
965,2004-10-01T13:33:20.631415Z,-9.03663272750888,111.32536666539059,62.98828125,10,7,5,5
966,2004-10-01T14:40:13.992091Z,-8.809244095526157,110.33175778621239,38.57421875,34,18,18,16
967,2004-10-01T14:54:45.594524Z,-8.832144528308397,111.43949447815903,31.73828125,39,21,20,19
968,2004-10-01T17:34:22.076438Z,-8.917351955462719,110.29349935801194,77.63671875,25,15,11,14
969,2004-10-01T17:53:15.993186Z,-8.374858697495753,111.73083411136099,3.41796875,16,9,7,9
970,2004-10-01T18:45:12.524313Z,-8.277661914361518,112.0483109778213,31.73828125,13,10,7,6
971,2004-10-01T19:44:56.485517Z,-8.28034887033214,110.01412814314767,114.74609375,34,22,17,17
972,2004-10-01T22:03:07.576344Z,-8.952542477443345,111.3251770258323,20.99609375,9,5,5,4
973,2004-10-01T22:10:18.148276Z,-8.797150263275308,110.80284548484107,62.98828125,9,6,3,6
974,2004-10-01T22:43:18.211085Z,-8.544177677752971,109.72117454437148,62.98828125,82,51,51,31
975,2004-10-02T00:58:07.554307Z,-8.304608542364806,110.26840606879482,24.90234375,10,5,5,5
976,2004-10-02T14:26:38.179112Z,-8.280527377774273,110.1921319564743,123.53515625,57,37,35,22
977,2004-10-02T17:43:16.023945Z,-9.037450589399638,110.22972917186621,62.98828125,47,28,25,22
978,2004-10-02T18:35:27.877085Z,-8.268470126227442,110.14128430982909,55.17578125,9,6,6,3
979,2004-10-02T18:38:42.693592Z,-7.607625030942629,110.09108716119445,2.44140625,11,6,5,6
980,2004-10-02T20:59:55.538034Z,-8.5195890523281,109.47952306946071,5.37109375,11,7,7,4
981,2004-10-03T15:13:55.703457Z,-8.797267767940507,110.47181501389385,41.50390625,19,11,9,10
982,2004-10-03T19:42:01.857090Z,-8.940836697308345,111.17231989807978,23.92578125,36,20,19,17
983,2004-10-03T20:46:03.878782Z,-8.436082887101211,111.27317775894039,104.98046875,26,13,13,13
984,2004-10-03T21:36:17.318413Z,-8.61653797636641,111.13356417117357,95.21484375,23,13,11,12
985,2004-10-03T21:40:53.447782Z,-8.280642743138776,110.43371316436148,122.55859375,11,7,6,5
986,2004-10-04T04:30:50.545371Z,-7.499593543795363,110.78919227972823,111.81640625,12,6,6,6
987,2004-10-04T13:46:08.500351Z,-8.268034027266099,109.81072225060834,78.61328125,37,23,22,15
988,2004-10-04T19:14:18.823995Z,-9.085562445094462,110.31888612221067,34.66796875,28,19,16,12
989,2004-10-04T19:55:23.422974Z,-8.279464523306864,111.47628551759948,10.25390625,14,9,8,6
990,2004-10-04T21:09:56.605684Z,-8.076399879229783,110.50999920626374,95.21484375,14,9,8,6
991,2004-10-04T23:34:34.532218Z,-8.689002242862651,110.82821548786792,52.24609375,13,7,6,7
992,2004-10-05T01:24:51.319149Z,-7.306289359624733,109.48251363179072,2.44140625,10,6,6,4
993,2004-10-05T01:43:51.742628Z,-8.84529748425744,110.65008171474626,48.33984375,10,6,5,5
994,2004-10-05T15:16:52.527150Z,-8.424804745195447,110.6244806340854,22.94921875,42,24,22,20
995,2004-10-05T17:32:15.083473Z,-8.881046680650737,110.01335818187889,15.13671875,10,6,6,4
996,2004-10-06T10:08:00.228761Z,-9.121590607796993,110.29338119506352,38.57421875,15,9,9,6
997,2004-10-06T23:30:13.055313Z,-8.724741578398179,111.08282904249066,30.76171875,9,5,5,4
998,2004-10-07T03:28:26.158769Z,-8.051848715537737,109.84921498952791,95.21484375,10,5,5,5
999,2004-10-07T04:36:10.798551Z,-8.472872503721478,110.58633228013365,81.54296875,12,6,6,6
1000,2004-10-07T04:42:56.499405Z,-8.220544470910443,110.34473318179613,31.73828125,9,5,5,4
1001,2004-10-07T07:28:48.487930Z,-8.760940772991855,110.03897727343896,29.78515625,13,8,7,6
1002,2004-10-07T19:01:34.750339Z,-8.26801179896687,109.79800872603245,75.68359375,9,5,4,5
1003,2004-10-07T21:13:46.393983Z,-8.80912039465515,110.85378391710408,34.66796875,9,5,4,5
1004,2004-10-07T21:54:33.425428Z,-8.028192720349518,110.15420707409972,24.90234375,14,8,8,6
